2026-07-20 23:39:29.593 [info] [main] Log level: Info
2026-07-20 23:39:29.593 [info] [main] Validating found git in: "git"
2026-07-20 23:39:29.593 [info] [main] Using git "2.43.0" from "git"
2026-07-20 23:39:29.593 [info] [Model][doInitialScan] Initial repository scan started
2026-07-20 23:39:29.593 [info] > git rev-parse --show-toplevel [958ms]
2026-07-20 23:39:29.593 [info] > git rev-parse --git-dir --git-common-dir --show-superproject-working-tree [672ms]
2026-07-20 23:39:29.925 [info] [Model][openRepository] Opened repository (path): /home/daypirate2
2026-07-20 23:39:29.926 [info] [Model][openRepository] Opened repository (real path): /home/daypirate2
2026-07-20 23:39:29.926 [info] [Model][openRepository] Opened repository (kind): repository
2026-07-20 23:39:30.099 [info] > git rev-parse --show-toplevel [132ms]
2026-07-20 23:39:30.100 [info] > git config --get commit.template [143ms]
2026-07-20 23:39:30.185 [info] > git rev-parse --show-toplevel [59ms]
2026-07-20 23:39:30.239 [info] > git rev-parse --show-toplevel [20ms]
2026-07-20 23:39:30.239 [info] > git for-each-ref --format=%(refname)%00%(upstream:short)%00%(objectname)%00%(upstream:track)%00%(upstream:remotename)%00%(upstream:remoteref) refs/heads/main refs/remotes/main [66ms]
2026-07-20 23:39:30.292 [info] > git rev-parse --show-toplevel [10ms]
2026-07-20 23:39:30.343 [info] > git for-each-ref --sort -committerdate --format %(refname)%00%(objectname)%00%(*objectname) [77ms]
2026-07-20 23:39:30.348 [info] > git rev-parse --show-toplevel [11ms]
2026-07-20 23:39:30.430 [info] > git rev-parse --show-toplevel [69ms]
2026-07-20 23:39:30.444 [info] > git status -z -uall [192ms]
2026-07-20 23:39:30.549 [info] > git for-each-ref --format=%(refname)%00%(upstream:short)%00%(objectname)%00%(upstream:track)%00%(upstream:remotename)%00%(upstream:remoteref) refs/heads/main refs/remotes/main [60ms]
2026-07-20 23:39:30.699 [info] > git config --get --local branch.main.vscode-merge-base [127ms]
2026-07-20 23:39:30.699 [warning] [Git][config] git config failed: Failed to execute git
2026-07-20 23:39:30.720 [info] > git config --get commit.template [172ms]
2026-07-20 23:39:30.721 [info] > git rev-parse --show-toplevel [201ms]
2026-07-20 23:39:30.770 [info] > git check-ignore -v -z --stdin [27ms]
2026-07-20 23:39:30.775 [info] > git reflog main --grep-reflog=branch: Created from *. [55ms]
2026-07-20 23:39:30.806 [info] > git symbolic-ref --short refs/remotes/origin/HEAD [18ms]
2026-07-20 23:39:30.807 [info] fatal: ref refs/remotes/origin/HEAD is not a symbolic ref
2026-07-20 23:39:30.807 [warning] [Repository][getDefaultBranch] Failed to get default branch details: Failed to execute git.
2026-07-20 23:39:30.808 [info] > git rev-parse --show-toplevel [43ms]
2026-07-20 23:39:30.809 [info] [Model][doInitialScan] Initial repository scan completed - repositories (1), closed repositories (0), parent repositories (0), unsafe repositories (0)
2026-07-20 23:39:33.912 [info] > git show --textconv b2376e020d81bb0b1b79ffeed213152b134304ad:.bash_history [3092ms]
2026-07-20 23:39:33.912 [info] > git show --textconv 89e3287994c235d579e192a71b4ce446c656057b:.bash_history [3081ms]
2026-07-20 23:39:33.912 [info] > git show --textconv 89e3287994c235d579e192a71b4ce446c656057b:.codeoss/data/User/workspaceStorage/4afbe30d-1/vscode.lock [3069ms]
2026-07-20 23:39:33.912 [info] > git show --textconv 89e3287994c235d579e192a71b4ce446c656057b:.codeoss/data/User/workspaceStorage/4afbe30d-2/ms-python.python/pythonrc.py [3058ms]
2026-07-20 23:39:33.912 [info] > git show --textconv b2376e020d81bb0b1b79ffeed213152b134304ad:.codeoss/data/logs/20260720T205625/exthost4/output_logging_20260720T212824/10-Gemini Code Assist.log [3046ms]
2026-07-20 23:39:33.912 [info] > git show --textconv 89e3287994c235d579e192a71b4ce446c656057b:.codeoss/data/logs/20260720T205625/exthost4/output_logging_20260720T212824/10-Gemini Code Assist.log [3032ms]
2026-07-20 23:39:33.912 [info] > git show --textconv b2376e020d81bb0b1b79ffeed213152b134304ad:.codeoss/data/logs/20260720T205625/exthost4/output_logging_20260720T212824/8-EditorConfig.log [3010ms]
2026-07-20 23:39:33.912 [info] > git show --textconv 89e3287994c235d579e192a71b4ce446c656057b:.codeoss/data/logs/20260720T205625/exthost4/output_logging_20260720T212824/8-EditorConfig.log [2991ms]
2026-07-20 23:39:33.913 [info] > git show --textconv b2376e020d81bb0b1b79ffeed213152b134304ad:.codeoss/data/logs/20260720T205625/exthost4/vscode.git/Git.log [2973ms]
2026-07-20 23:39:33.913 [info] > git show --textconv 89e3287994c235d579e192a71b4ce446c656057b:.codeoss/data/logs/20260720T205625/exthost4/vscode.git/Git.log [2956ms]
2026-07-20 23:39:33.913 [info] > git show --textconv 89e3287994c235d579e192a71b4ce446c656057b:.codeoss/data/logs/20260720T205625/exthost5/googlecloudtools.datacloud/Google Cloud Data Agent Kit.log [2937ms]
2026-07-20 23:39:33.913 [info] > git show --textconv 89e3287994c235d579e192a71b4ce446c656057b:.codeoss/data/logs/20260720T205625/exthost5/ms-python.python/Python Language Server.log [2913ms]
2026-07-20 23:39:33.913 [info] > git show --textconv 89e3287994c235d579e192a71b4ce446c656057b:.codeoss/data/logs/20260720T205625/exthost5/ms-python.python/Python.log [2897ms]
2026-07-20 23:39:33.913 [info] > git show --textconv 89e3287994c235d579e192a71b4ce446c656057b:.codeoss/data/logs/20260720T205625/exthost5/output_logging_20260720T215622/1-Jupyter.log [2877ms]
2026-07-20 23:39:33.913 [info] > git show --textconv 89e3287994c235d579e192a71b4ce446c656057b:.codeoss/data/logs/20260720T205625/exthost5/output_logging_20260720T215622/10-Apigee.log [2861ms]
2026-07-20 23:39:33.913 [info] > git show --textconv 89e3287994c235d579e192a71b4ce446c656057b:.codeoss/data/logs/20260720T205625/exthost5/output_logging_20260720T215622/11-Cloud Code Yaml Support.log [2846ms]
2026-07-20 23:39:33.913 [info] > git show --textconv 89e3287994c235d579e192a71b4ce446c656057b:.codeoss/data/logs/20260720T205625/exthost5/output_logging_20260720T215622/12-Gemini Code Assist Agent.log [2830ms]
2026-07-20 23:39:33.913 [info] > git show --textconv 89e3287994c235d579e192a71b4ce446c656057b:.codeoss/data/logs/20260720T205625/exthost5/output_logging_20260720T215622/13-Gemini Code Assist.log [2801ms]
2026-07-20 23:39:33.913 [info] > git show --textconv 89e3287994c235d579e192a71b4ce446c656057b:.codeoss/data/logs/20260720T205625/exthost5/output_logging_20260720T215622/2-Jupyter Server Console.log [2779ms]
2026-07-20 23:39:33.913 [info] > git show --textconv 89e3287994c235d579e192a71b4ce446c656057b:.codeoss/data/logs/20260720T205625/exthost5/output_logging_20260720T215622/3-Notebook MCP.log [2759ms]
2026-07-20 23:39:33.913 [info] > git show --textconv 89e3287994c235d579e192a71b4ce446c656057b:.codeoss/data/logs/20260720T205625/exthost5/output_logging_20260720T215622/4-MCP Audit Logs.log [2739ms]
2026-07-20 23:39:33.913 [info] > git show --textconv 89e3287994c235d579e192a71b4ce446c656057b:.codeoss/data/logs/20260720T205625/exthost5/output_logging_20260720T215622/5-Visualization MCP.log [2726ms]
2026-07-20 23:39:33.913 [info] > git show --textconv 89e3287994c235d579e192a71b4ce446c656057b:.codeoss/data/logs/20260720T205625/exthost5/output_logging_20260720T215622/6-DataCloud Agent Skill Installer.log [2713ms]
2026-07-20 23:39:33.913 [info] > git show --textconv 89e3287994c235d579e192a71b4ce446c656057b:.codeoss/data/logs/20260720T205625/exthost5/output_logging_20260720T215622/7-Gemini CLI IDE Companion.log [2699ms]
2026-07-20 23:39:33.913 [info] > git show --textconv 89e3287994c235d579e192a71b4ce446c656057b:.codeoss/data/logs/20260720T205625/exthost5/output_logging_20260720T215622/8-EditorConfig.log [2686ms]
2026-07-20 23:39:33.913 [info] > git show --textconv 89e3287994c235d579e192a71b4ce446c656057b:.codeoss/data/logs/20260720T205625/exthost5/output_logging_20260720T215622/9-Google Cloud CLI Installation.log [2668ms]
2026-07-20 23:39:33.913 [info] > git show --textconv 89e3287994c235d579e192a71b4ce446c656057b:.codeoss/data/logs/20260720T205625/exthost5/remoteExtHostTelemetry.log [2651ms]
2026-07-20 23:39:33.913 [info] > git show --textconv 89e3287994c235d579e192a71b4ce446c656057b:.codeoss/data/logs/20260720T205625/exthost5/remoteexthost.log [2638ms]
2026-07-20 23:39:33.914 [info] > git show --textconv 89e3287994c235d579e192a71b4ce446c656057b:.codeoss/data/logs/20260720T205625/exthost5/vscode.git/Git.log [2626ms]
2026-07-20 23:39:33.914 [info] > git show --textconv 89e3287994c235d579e192a71b4ce446c656057b:.codeoss/data/logs/20260720T205625/exthost5/vscode.github-authentication/GitHub Authentication.log [2611ms]
2026-07-20 23:39:33.914 [info] > git show --textconv 89e3287994c235d579e192a71b4ce446c656057b:.codeoss/data/logs/20260720T205625/exthost5/vscode.github/GitHub.log [2595ms]
2026-07-20 23:39:33.914 [info] > git show --textconv 89e3287994c235d579e192a71b4ce446c656057b:.codeoss/data/logs/20260720T205625/exthost5/vscode.json-language-features/JSON Language Server.log [2578ms]
2026-07-20 23:39:33.914 [info] > git show --textconv 89e3287994c235d579e192a71b4ce446c656057b:.codeoss/data/logs/20260720T205625/exthost6/googlecloudtools.datacloud/Google Cloud Data Agent Kit.log [2563ms]
2026-07-20 23:39:33.914 [info] > git show --textconv 89e3287994c235d579e192a71b4ce446c656057b:.codeoss/data/logs/20260720T205625/exthost6/ms-python.python/Python Language Server.log [2546ms]
2026-07-20 23:39:33.914 [info] > git show --textconv 89e3287994c235d579e192a71b4ce446c656057b:.codeoss/data/logs/20260720T205625/exthost6/ms-python.python/Python.log [2529ms]
2026-07-20 23:39:33.914 [info] > git show --textconv 89e3287994c235d579e192a71b4ce446c656057b:.codeoss/data/logs/20260720T205625/exthost6/output_logging_20260720T220145/1-Jupyter.log [2510ms]
2026-07-20 23:39:33.914 [info] > git show --textconv 89e3287994c235d579e192a71b4ce446c656057b:.codeoss/data/logs/20260720T205625/exthost6/output_logging_20260720T220145/10-Apigee.log [2499ms]
2026-07-20 23:39:33.914 [info] > git show --textconv 89e3287994c235d579e192a71b4ce446c656057b:.codeoss/data/logs/20260720T205625/exthost6/output_logging_20260720T220145/11-Cloud Code Yaml Support.log [2486ms]
2026-07-20 23:39:33.914 [info] > git show --textconv 89e3287994c235d579e192a71b4ce446c656057b:.codeoss/data/logs/20260720T205625/exthost6/output_logging_20260720T220145/12-Gemini Code Assist Agent.log [2474ms]
2026-07-20 23:39:33.914 [info] > git show --textconv 89e3287994c235d579e192a71b4ce446c656057b:.codeoss/data/logs/20260720T205625/exthost6/output_logging_20260720T220145/13-Gemini Code Assist.log [2459ms]
2026-07-20 23:39:33.914 [info] > git show --textconv 89e3287994c235d579e192a71b4ce446c656057b:.codeoss/data/logs/20260720T205625/exthost6/output_logging_20260720T220145/2-Jupyter Server Console.log [2440ms]
2026-07-20 23:39:33.914 [info] > git show --textconv 89e3287994c235d579e192a71b4ce446c656057b:.codeoss/data/logs/20260720T205625/exthost6/output_logging_20260720T220145/3-Notebook MCP.log [2417ms]
2026-07-20 23:39:33.914 [info] > git show --textconv 89e3287994c235d579e192a71b4ce446c656057b:.codeoss/data/logs/20260720T205625/exthost6/output_logging_20260720T220145/4-MCP Audit Logs.log [2403ms]
2026-07-20 23:39:33.914 [info] > git show --textconv 89e3287994c235d579e192a71b4ce446c656057b:.codeoss/data/logs/20260720T205625/exthost6/output_logging_20260720T220145/5-Visualization MCP.log [2388ms]
2026-07-20 23:39:33.914 [info] > git show --textconv 89e3287994c235d579e192a71b4ce446c656057b:.codeoss/data/logs/20260720T205625/exthost6/output_logging_20260720T220145/6-DataCloud Agent Skill Installer.log [2377ms]
2026-07-20 23:39:33.914 [info] > git show --textconv 89e3287994c235d579e192a71b4ce446c656057b:.codeoss/data/logs/20260720T205625/exthost6/output_logging_20260720T220145/7-Gemini CLI IDE Companion.log [2365ms]
2026-07-20 23:39:33.915 [info] > git show --textconv 89e3287994c235d579e192a71b4ce446c656057b:.codeoss/data/logs/20260720T205625/exthost6/output_logging_20260720T220145/8-EditorConfig.log [2350ms]
2026-07-20 23:39:33.915 [info] > git show --textconv 89e3287994c235d579e192a71b4ce446c656057b:.codeoss/data/logs/20260720T205625/exthost6/output_logging_20260720T220145/9-Google Cloud CLI Installation.log [2340ms]
2026-07-20 23:39:33.915 [info] > git show --textconv 89e3287994c235d579e192a71b4ce446c656057b:.codeoss/data/logs/20260720T205625/exthost6/remoteExtHostTelemetry.log [2325ms]
2026-07-20 23:39:33.915 [info] > git show --textconv 89e3287994c235d579e192a71b4ce446c656057b:.codeoss/data/logs/20260720T205625/exthost6/remoteexthost.log [2307ms]
2026-07-20 23:39:33.915 [info] > git show --textconv 89e3287994c235d579e192a71b4ce446c656057b:.codeoss/data/logs/20260720T205625/exthost6/vscode.git/Git.log [2288ms]
2026-07-20 23:39:33.915 [info] > git show --textconv 89e3287994c235d579e192a71b4ce446c656057b:.codeoss/data/logs/20260720T205625/exthost6/vscode.github-authentication/GitHub Authentication.log [2274ms]
2026-07-20 23:39:33.915 [info] > git show --textconv 89e3287994c235d579e192a71b4ce446c656057b:.codeoss/data/logs/20260720T205625/exthost6/vscode.github/GitHub.log [2260ms]
2026-07-20 23:39:33.915 [info] > git show --textconv 89e3287994c235d579e192a71b4ce446c656057b:.codeoss/data/logs/20260720T205625/exthost6/vscode.json-language-features/JSON Language Server.log [2248ms]
2026-07-20 23:39:33.915 [info] > git show --textconv 89e3287994c235d579e192a71b4ce446c656057b:.codeoss/data/logs/20260720T205625/exthost7/googlecloudtools.datacloud/Google Cloud Data Agent Kit.log [2228ms]
2026-07-20 23:39:33.915 [info] > git show --textconv 89e3287994c235d579e192a71b4ce446c656057b:.codeoss/data/logs/20260720T205625/exthost7/ms-python.python/Python Language Server.log [2210ms]
2026-07-20 23:39:33.915 [info] > git show --textconv 89e3287994c235d579e192a71b4ce446c656057b:.codeoss/data/logs/20260720T205625/exthost7/ms-python.python/Python.log [2194ms]
2026-07-20 23:39:33.915 [info] > git show --textconv 89e3287994c235d579e192a71b4ce446c656057b:.codeoss/data/logs/20260720T205625/exthost7/output_logging_20260720T220440/1-Jupyter.log [2183ms]
2026-07-20 23:39:33.915 [info] > git show --textconv 89e3287994c235d579e192a71b4ce446c656057b:.codeoss/data/logs/20260720T205625/exthost7/output_logging_20260720T220440/10-Apigee.log [2170ms]
2026-07-20 23:39:33.915 [info] > git show --textconv 89e3287994c235d579e192a71b4ce446c656057b:.codeoss/data/logs/20260720T205625/exthost7/output_logging_20260720T220440/11-Cloud Code Yaml Support.log [2153ms]
2026-07-20 23:39:33.915 [info] > git show --textconv 89e3287994c235d579e192a71b4ce446c656057b:.codeoss/data/logs/20260720T205625/exthost7/output_logging_20260720T220440/12-Gemini Code Assist Agent.log [2135ms]
2026-07-20 23:39:33.915 [info] > git show --textconv 89e3287994c235d579e192a71b4ce446c656057b:.codeoss/data/logs/20260720T205625/exthost7/output_logging_20260720T220440/13-Gemini Code Assist.log [2118ms]
2026-07-20 23:39:33.915 [info] > git show --textconv 89e3287994c235d579e192a71b4ce446c656057b:.codeoss/data/logs/20260720T205625/exthost7/output_logging_20260720T220440/2-Jupyter Server Console.log [2109ms]
2026-07-20 23:39:33.915 [info] > git show --textconv 89e3287994c235d579e192a71b4ce446c656057b:.codeoss/data/logs/20260720T205625/exthost7/output_logging_20260720T220440/3-Gemini CLI IDE Companion.log [2099ms]
2026-07-20 23:39:33.915 [info] > git show --textconv 89e3287994c235d579e192a71b4ce446c656057b:.codeoss/data/logs/20260720T205625/exthost7/output_logging_20260720T220440/4-EditorConfig.log [2085ms]
2026-07-20 23:39:33.915 [info] > git show --textconv 89e3287994c235d579e192a71b4ce446c656057b:.codeoss/data/logs/20260720T205625/exthost7/output_logging_20260720T220440/5-Notebook MCP.log [2075ms]
2026-07-20 23:39:33.917 [info] > git show --textconv 89e3287994c235d579e192a71b4ce446c656057b:.codeoss/data/logs/20260720T205625/exthost7/output_logging_20260720T220440/6-MCP Audit Logs.log [2062ms]
2026-07-20 23:39:33.917 [info] > git show --textconv 89e3287994c235d579e192a71b4ce446c656057b:.codeoss/data/logs/20260720T205625/exthost7/output_logging_20260720T220440/7-Visualization MCP.log [2045ms]
2026-07-20 23:39:33.917 [info] > git show --textconv 89e3287994c235d579e192a71b4ce446c656057b:.codeoss/data/logs/20260720T205625/exthost7/output_logging_20260720T220440/8-DataCloud Agent Skill Installer.log [2033ms]
2026-07-20 23:39:33.918 [info] > git show --textconv 89e3287994c235d579e192a71b4ce446c656057b:.codeoss/data/logs/20260720T205625/exthost7/output_logging_20260720T220440/9-Google Cloud CLI Installation.log [2021ms]
2026-07-20 23:39:33.918 [info] > git show --textconv 89e3287994c235d579e192a71b4ce446c656057b:.codeoss/data/logs/20260720T205625/exthost7/remoteExtHostTelemetry.log [2008ms]
2026-07-20 23:39:33.918 [info] > git show --textconv 89e3287994c235d579e192a71b4ce446c656057b:.codeoss/data/logs/20260720T205625/exthost7/remoteexthost.log [1993ms]
2026-07-20 23:39:33.918 [info] > git show --textconv 89e3287994c235d579e192a71b4ce446c656057b:.codeoss/data/logs/20260720T205625/exthost7/vscode.git/Git.log [1983ms]
2026-07-20 23:39:33.918 [info] > git show --textconv 89e3287994c235d579e192a71b4ce446c656057b:.codeoss/data/logs/20260720T205625/exthost7/vscode.github-authentication/GitHub Authentication.log [1970ms]
2026-07-20 23:39:33.918 [info] > git show --textconv 89e3287994c235d579e192a71b4ce446c656057b:.codeoss/data/logs/20260720T205625/exthost7/vscode.github/GitHub.log [1956ms]
2026-07-20 23:39:33.918 [info] > git show --textconv 89e3287994c235d579e192a71b4ce446c656057b:.codeoss/data/logs/20260720T205625/exthost7/vscode.json-language-features/JSON Language Server.log [1944ms]
2026-07-20 23:39:33.918 [info] > git show --textconv b2376e020d81bb0b1b79ffeed213152b134304ad:.codeoss/data/logs/20260720T205625/remoteagent.log [1934ms]
2026-07-20 23:39:33.918 [info] > git show --textconv 89e3287994c235d579e192a71b4ce446c656057b:.codeoss/data/logs/20260720T205625/remoteagent.log [1912ms]
2026-07-20 23:39:33.918 [info] > git show --textconv 89e3287994c235d579e192a71b4ce446c656057b:.gcloud.swp [1899ms]
2026-07-20 23:39:33.918 [info] > git show --textconv 89e3287994c235d579e192a71b4ce446c656057b:.gemini/tmp/daypirate2/chats/session-2026-07-20T21-56-a2a-serv.jsonl [1890ms]
2026-07-20 23:39:33.918 [info] > git show --textconv 89e3287994c235d579e192a71b4ce446c656057b:.gemini/tmp/daypirate2/chats/session-2026-07-20T21-57-a2a-serv.jsonl [1869ms]
2026-07-20 23:39:33.918 [info] > git show --textconv 89e3287994c235d579e192a71b4ce446c656057b:.gemini/tmp/daypirate2/chats/session-2026-07-20T21-58-a2a-serv.jsonl [1856ms]
2026-07-20 23:39:33.918 [info] > git show --textconv 89e3287994c235d579e192a71b4ce446c656057b:.gemini/tmp/daypirate2/chats/session-2026-07-20T21-59-a2a-serv.jsonl [1844ms]
2026-07-20 23:39:33.918 [info] > git show --textconv 89e3287994c235d579e192a71b4ce446c656057b:.gemini/tmp/daypirate2/chats/session-2026-07-20T22-02-a2a-serv.jsonl [1834ms]
2026-07-20 23:39:33.918 [info] > git show --textconv 89e3287994c235d579e192a71b4ce446c656057b:.gemini/tmp/daypirate2/chats/session-2026-07-20T22-03-a2a-serv.jsonl [1824ms]
2026-07-20 23:39:33.918 [info] > git show --textconv b2376e020d81bb0b1b79ffeed213152b134304ad:.npm/_logs/2026-07-20T21_28_50_632Z-debug-0.log [1792ms]
2026-07-20 23:39:33.919 [info] > git show --textconv b2376e020d81bb0b1b79ffeed213152b134304ad:.npm/_logs/2026-07-20T21_29_16_993Z-debug-0.log [1785ms]
2026-07-20 23:39:33.919 [info] > git show --textconv b2376e020d81bb0b1b79ffeed213152b134304ad:.npm/_logs/2026-07-20T21_30_28_240Z-debug-0.log [1775ms]
2026-07-20 23:39:33.919 [info] > git show --textconv 89e3287994c235d579e192a71b4ce446c656057b:.npm/_logs/2026-07-20T22_03_48_566Z-debug-0.log [1762ms]
2026-07-20 23:39:33.919 [info] > git show --textconv b2376e020d81bb0b1b79ffeed213152b134304ad:.npm/_logs/2026-07-20T21_29_17_023Z-debug-0.log [1753ms]
2026-07-20 23:39:33.919 [info] > git show --textconv 89e3287994c235d579e192a71b4ce446c656057b:.npm/_logs/2026-07-20T22_03_48_595Z-debug-0.log [1737ms]
2026-07-20 23:39:33.919 [info] > git show --textconv 89e3287994c235d579e192a71b4ce446c656057b:.npm/_logs/2026-07-20T22_04_52_054Z-debug-0.log [1725ms]
2026-07-20 23:39:33.919 [info] > git show --textconv b2376e020d81bb0b1b79ffeed213152b134304ad:.npm/_logs/2026-07-20T21_31_53_795Z-debug-0.log [1710ms]
2026-07-20 23:39:33.919 [info] > git show --textconv 89e3287994c235d579e192a71b4ce446c656057b:.npm/_logs/2026-07-20T22_05_06_327Z-debug-0.log [1697ms]
2026-07-20 23:39:33.919 [info] > git show --textconv b2376e020d81bb0b1b79ffeed213152b134304ad:.npm/_logs/2026-07-20T21_29_01_135Z-debug-0.log [1682ms]
2026-07-20 23:39:33.919 [info] > git show --textconv 89e3287994c235d579e192a71b4ce446c656057b:.npm/_logs/2026-07-20T22_05_06_335Z-debug-0.log [1667ms]
2026-07-20 23:39:33.919 [info] > git show --textconv 89e3287994c235d579e192a71b4ce446c656057b:.npm/_logs/2026-07-20T22_05_14_471Z-debug-0.log [1649ms]
2026-07-20 23:39:33.919 [info] > git show --textconv b2376e020d81bb0b1b79ffeed213152b134304ad:.npm/_logs/2026-07-20T21_29_01_078Z-debug-0.log [1630ms]
2026-07-20 23:39:33.919 [info] > git show --textconv 89e3287994c235d579e192a71b4ce446c656057b:.npm/_logs/2026-07-20T22_05_14_493Z-debug-0.log [1618ms]
2026-07-20 23:39:33.919 [info] > git show --textconv b2376e020d81bb0b1b79ffeed213152b134304ad:.npm/_logs/2026-07-20T21_31_53_768Z-debug-0.log [1593ms]
2026-07-20 23:39:33.919 [info] > git show --textconv 89e3287994c235d579e192a71b4ce446c656057b:.npm/_logs/2026-07-20T22_05_17_357Z-debug-0.log [1583ms]
2026-07-20 23:39:33.919 [info] > git show --textconv b2376e020d81bb0b1b79ffeed213152b134304ad:.npm/_logs/2026-07-20T21_30_28_247Z-debug-0.log [1570ms]
2026-07-20 23:39:33.919 [info] > git show --textconv 89e3287994c235d579e192a71b4ce446c656057b:.npm/_logs/2026-07-20T22_05_17_410Z-debug-0.log [1554ms]
2026-07-20 23:39:33.919 [info] > git show --textconv b2376e020d81bb0b1b79ffeed213152b134304ad:.npm/_logs/2026-07-20T21_29_42_545Z-debug-0.log [1542ms]
2026-07-20 23:39:33.919 [info] > git show --textconv 89e3287994c235d579e192a71b4ce446c656057b:.npm/_logs/2026-07-20T22_05_33_843Z-debug-0.log [1529ms]
2026-07-20 23:39:33.919 [info] > git show --textconv b2376e020d81bb0b1b79ffeed213152b134304ad:.npm/_logs/2026-07-20T21_29_42_567Z-debug-0.log [1508ms]
2026-07-20 23:39:33.919 [info] > git show --textconv 89e3287994c235d579e192a71b4ce446c656057b:.npm/_logs/2026-07-20T22_05_33_874Z-debug-0.log [1490ms]
2026-07-20 23:39:33.919 [info] > git show --textconv b2376e020d81bb0b1b79ffeed213152b134304ad:gcloud [1473ms]
2026-07-20 23:39:33.920 [info] > git show --textconv 89e3287994c235d579e192a71b4ce446c656057b:gcloud [1456ms]
2026-07-20 23:39:33.921 [info] > git ls-tree -l 89e3287994c235d579e192a71b4ce446c656057b -- gcloud [350ms]
2026-07-20 23:39:33.923 [info] > git ls-tree -l b2376e020d81bb0b1b79ffeed213152b134304ad -- gcloud [367ms]
2026-07-20 23:39:33.923 [info] > git ls-tree -l 89e3287994c235d579e192a71b4ce446c656057b -- .npm/_logs/2026-07-20T22_05_33_874Z-debug-0.log [380ms]
2026-07-20 23:39:33.924 [info] > git ls-tree -l b2376e020d81bb0b1b79ffeed213152b134304ad -- .npm/_logs/2026-07-20T21_29_42_567Z-debug-0.log [405ms]
2026-07-20 23:39:33.924 [info] > git ls-tree -l 89e3287994c235d579e192a71b4ce446c656057b -- .npm/_logs/2026-07-20T22_05_33_843Z-debug-0.log [416ms]
2026-07-20 23:39:33.925 [info] > git ls-tree -l b2376e020d81bb0b1b79ffeed213152b134304ad -- .npm/_logs/2026-07-20T21_29_42_545Z-debug-0.log [433ms]
2026-07-20 23:39:33.925 [info] > git ls-tree -l 89e3287994c235d579e192a71b4ce446c656057b -- .npm/_logs/2026-07-20T22_05_17_410Z-debug-0.log [443ms]
2026-07-20 23:39:33.925 [info] > git ls-tree -l b2376e020d81bb0b1b79ffeed213152b134304ad -- .npm/_logs/2026-07-20T21_30_28_247Z-debug-0.log [454ms]
2026-07-20 23:39:33.926 [info] > git ls-tree -l 89e3287994c235d579e192a71b4ce446c656057b -- .npm/_logs/2026-07-20T22_05_17_357Z-debug-0.log [467ms]
2026-07-20 23:39:33.926 [info] > git ls-tree -l b2376e020d81bb0b1b79ffeed213152b134304ad -- .npm/_logs/2026-07-20T21_31_53_768Z-debug-0.log [479ms]
2026-07-20 23:39:33.927 [info] > git ls-tree -l 89e3287994c235d579e192a71b4ce446c656057b -- .npm/_logs/2026-07-20T22_05_14_493Z-debug-0.log [490ms]
2026-07-20 23:39:33.927 [info] > git ls-tree -l b2376e020d81bb0b1b79ffeed213152b134304ad -- .npm/_logs/2026-07-20T21_29_01_078Z-debug-0.log [510ms]
2026-07-20 23:39:33.927 [info] > git ls-tree -l 89e3287994c235d579e192a71b4ce446c656057b -- .npm/_logs/2026-07-20T22_05_14_471Z-debug-0.log [519ms]
2026-07-20 23:39:33.928 [info] > git ls-tree -l 89e3287994c235d579e192a71b4ce446c656057b -- .npm/_logs/2026-07-20T22_05_06_335Z-debug-0.log [528ms]
2026-07-20 23:39:33.928 [info] > git ls-tree -l b2376e020d81bb0b1b79ffeed213152b134304ad -- .npm/_logs/2026-07-20T21_29_01_135Z-debug-0.log [538ms]
2026-07-20 23:39:33.929 [info] > git ls-tree -l 89e3287994c235d579e192a71b4ce446c656057b -- .npm/_logs/2026-07-20T22_05_06_327Z-debug-0.log [549ms]
2026-07-20 23:39:33.929 [info] > git ls-tree -l b2376e020d81bb0b1b79ffeed213152b134304ad -- .npm/_logs/2026-07-20T21_31_53_795Z-debug-0.log [558ms]
2026-07-20 23:39:33.930 [info] > git ls-tree -l 89e3287994c235d579e192a71b4ce446c656057b -- .npm/_logs/2026-07-20T22_04_52_054Z-debug-0.log [568ms]
2026-07-20 23:39:33.930 [info] > git ls-tree -l 89e3287994c235d579e192a71b4ce446c656057b -- .npm/_logs/2026-07-20T22_03_48_595Z-debug-0.log [576ms]
2026-07-20 23:39:33.930 [info] > git ls-tree -l b2376e020d81bb0b1b79ffeed213152b134304ad -- .npm/_logs/2026-07-20T21_29_17_023Z-debug-0.log [583ms]
2026-07-20 23:39:33.931 [info] > git ls-tree -l 89e3287994c235d579e192a71b4ce446c656057b -- .npm/_logs/2026-07-20T22_03_48_566Z-debug-0.log [593ms]
2026-07-20 23:39:33.931 [info] > git ls-tree -l b2376e020d81bb0b1b79ffeed213152b134304ad -- .npm/_logs/2026-07-20T21_30_28_240Z-debug-0.log [601ms]
2026-07-20 23:39:33.931 [info] > git ls-tree -l b2376e020d81bb0b1b79ffeed213152b134304ad -- .npm/_logs/2026-07-20T21_29_16_993Z-debug-0.log [608ms]
2026-07-20 23:39:33.932 [info] > git ls-tree -l b2376e020d81bb0b1b79ffeed213152b134304ad -- .npm/_logs/2026-07-20T21_28_50_632Z-debug-0.log [620ms]
2026-07-20 23:39:33.932 [info] > git ls-tree -l 89e3287994c235d579e192a71b4ce446c656057b -- .gemini/tmp/daypirate2/chats/session-2026-07-20T22-05-a2a-serv.jsonl [629ms]
2026-07-20 23:39:33.932 [info] > git ls-tree -l 89e3287994c235d579e192a71b4ce446c656057b -- .gemini/tmp/daypirate2/chats/session-2026-07-20T22-03-a2a-serv.jsonl [637ms]
2026-07-20 23:39:33.933 [info] > git ls-tree -l 89e3287994c235d579e192a71b4ce446c656057b -- .gemini/tmp/daypirate2/chats/session-2026-07-20T22-02-a2a-serv.jsonl [646ms]
2026-07-20 23:39:33.933 [info] > git ls-tree -l 89e3287994c235d579e192a71b4ce446c656057b -- .gemini/tmp/daypirate2/chats/session-2026-07-20T21-59-a2a-serv.jsonl [654ms]
2026-07-20 23:39:33.933 [info] > git ls-tree -l 89e3287994c235d579e192a71b4ce446c656057b -- .gemini/tmp/daypirate2/chats/session-2026-07-20T21-58-a2a-serv.jsonl [662ms]
2026-07-20 23:39:33.934 [info] > git ls-tree -l 89e3287994c235d579e192a71b4ce446c656057b -- .gemini/tmp/daypirate2/chats/session-2026-07-20T21-57-a2a-serv.jsonl [671ms]
2026-07-20 23:39:33.934 [info] > git ls-tree -l 89e3287994c235d579e192a71b4ce446c656057b -- .gemini/tmp/daypirate2/chats/session-2026-07-20T21-56-a2a-serv.jsonl [679ms]
2026-07-20 23:39:33.934 [info] > git ls-tree -l 89e3287994c235d579e192a71b4ce446c656057b -- .gcloud.swp [687ms]
2026-07-20 23:39:33.935 [info] > git ls-tree -l 89e3287994c235d579e192a71b4ce446c656057b -- .codeoss/data/logs/20260720T205625/remoteagent.log [697ms]
2026-07-20 23:39:33.935 [info] > git ls-tree -l b2376e020d81bb0b1b79ffeed213152b134304ad -- .codeoss/data/logs/20260720T205625/remoteagent.log [706ms]
2026-07-20 23:39:33.936 [info] > git ls-tree -l 89e3287994c235d579e192a71b4ce446c656057b -- .codeoss/data/logs/20260720T205625/exthost7/vscode.json-language-features/JSON Language Server.log [715ms]
2026-07-20 23:39:33.936 [info] > git ls-tree -l 89e3287994c235d579e192a71b4ce446c656057b -- .codeoss/data/logs/20260720T205625/exthost7/vscode.github/GitHub.log [724ms]
2026-07-20 23:39:33.936 [info] > git ls-tree -l 89e3287994c235d579e192a71b4ce446c656057b -- .codeoss/data/logs/20260720T205625/exthost7/vscode.github-authentication/GitHub Authentication.log [733ms]
2026-07-20 23:39:33.937 [info] > git ls-tree -l 89e3287994c235d579e192a71b4ce446c656057b -- .codeoss/data/logs/20260720T205625/exthost7/vscode.git/Git.log [744ms]
2026-07-20 23:39:33.937 [info] > git ls-tree -l 89e3287994c235d579e192a71b4ce446c656057b -- .codeoss/data/logs/20260720T205625/exthost7/remoteexthost.log [753ms]
2026-07-20 23:39:33.937 [info] > git ls-tree -l 89e3287994c235d579e192a71b4ce446c656057b -- .codeoss/data/logs/20260720T205625/exthost7/remoteExtHostTelemetry.log [762ms]
2026-07-20 23:39:33.938 [info] > git ls-tree -l 89e3287994c235d579e192a71b4ce446c656057b -- .codeoss/data/logs/20260720T205625/exthost7/output_logging_20260720T220440/9-Google Cloud CLI Installation.log [771ms]
2026-07-20 23:39:33.942 [info] > git ls-tree -l 89e3287994c235d579e192a71b4ce446c656057b -- .codeoss/data/logs/20260720T205625/exthost7/output_logging_20260720T220440/8-DataCloud Agent Skill Installer.log [784ms]
2026-07-20 23:39:33.942 [info] > git ls-tree -l 89e3287994c235d579e192a71b4ce446c656057b -- .codeoss/data/logs/20260720T205625/exthost7/output_logging_20260720T220440/7-Visualization MCP.log [793ms]
2026-07-20 23:39:33.943 [info] > git ls-tree -l 89e3287994c235d579e192a71b4ce446c656057b -- .codeoss/data/logs/20260720T205625/exthost7/output_logging_20260720T220440/6-MCP Audit Logs.log [803ms]
2026-07-20 23:39:33.943 [info] > git ls-tree -l 89e3287994c235d579e192a71b4ce446c656057b -- .codeoss/data/logs/20260720T205625/exthost7/output_logging_20260720T220440/5-Notebook MCP.log [812ms]
2026-07-20 23:39:33.943 [info] > git ls-tree -l 89e3287994c235d579e192a71b4ce446c656057b -- .codeoss/data/logs/20260720T205625/exthost7/output_logging_20260720T220440/4-EditorConfig.log [820ms]
2026-07-20 23:39:33.947 [info] > git ls-tree -l 89e3287994c235d579e192a71b4ce446c656057b -- .codeoss/data/logs/20260720T205625/exthost7/output_logging_20260720T220440/3-Gemini CLI IDE Companion.log [833ms]
2026-07-20 23:39:33.947 [info] > git ls-tree -l 89e3287994c235d579e192a71b4ce446c656057b -- .codeoss/data/logs/20260720T205625/exthost7/output_logging_20260720T220440/2-Jupyter Server Console.log [842ms]
2026-07-20 23:39:33.948 [info] > git ls-tree -l 89e3287994c235d579e192a71b4ce446c656057b -- .codeoss/data/logs/20260720T205625/exthost7/output_logging_20260720T220440/13-Gemini Code Assist.log [852ms]
2026-07-20 23:39:33.948 [info] > git ls-tree -l 89e3287994c235d579e192a71b4ce446c656057b -- .codeoss/data/logs/20260720T205625/exthost7/output_logging_20260720T220440/12-Gemini Code Assist Agent.log [860ms]
2026-07-20 23:39:33.948 [info] > git ls-tree -l 89e3287994c235d579e192a71b4ce446c656057b -- .codeoss/data/logs/20260720T205625/exthost7/output_logging_20260720T220440/11-Cloud Code Yaml Support.log [868ms]
2026-07-20 23:39:33.949 [info] > git ls-tree -l 89e3287994c235d579e192a71b4ce446c656057b -- .codeoss/data/logs/20260720T205625/exthost7/output_logging_20260720T220440/10-Apigee.log [878ms]
2026-07-20 23:39:33.949 [info] > git ls-tree -l 89e3287994c235d579e192a71b4ce446c656057b -- .codeoss/data/logs/20260720T205625/exthost7/output_logging_20260720T220440/1-Jupyter.log [887ms]
2026-07-20 23:39:33.956 [info] > git ls-tree -l 89e3287994c235d579e192a71b4ce446c656057b -- .codeoss/data/logs/20260720T205625/exthost7/ms-python.python/Python.log [902ms]
2026-07-20 23:39:33.957 [info] > git ls-tree -l 89e3287994c235d579e192a71b4ce446c656057b -- .codeoss/data/logs/20260720T205625/exthost7/ms-python.python/Python Language Server.log [913ms]
2026-07-20 23:39:33.957 [info] > git ls-tree -l 89e3287994c235d579e192a71b4ce446c656057b -- .codeoss/data/logs/20260720T205625/exthost7/googlecloudtools.datacloud/Google Cloud Data Agent Kit.log [922ms]
2026-07-20 23:39:33.958 [info] > git ls-tree -l 89e3287994c235d579e192a71b4ce446c656057b -- .codeoss/data/logs/20260720T205625/exthost6/vscode.json-language-features/JSON Language Server.log [935ms]
2026-07-20 23:39:33.959 [info] > git ls-tree -l 89e3287994c235d579e192a71b4ce446c656057b -- .codeoss/data/logs/20260720T205625/exthost6/vscode.github/GitHub.log [946ms]
2026-07-20 23:39:33.960 [info] > git ls-tree -l 89e3287994c235d579e192a71b4ce446c656057b -- .codeoss/data/logs/20260720T205625/exthost6/vscode.github-authentication/GitHub Authentication.log [957ms]
2026-07-20 23:39:33.960 [info] > git ls-tree -l 89e3287994c235d579e192a71b4ce446c656057b -- .codeoss/data/logs/20260720T205625/exthost6/vscode.git/Git.log [967ms]
2026-07-20 23:39:33.961 [info] > git ls-tree -l 89e3287994c235d579e192a71b4ce446c656057b -- .codeoss/data/logs/20260720T205625/exthost6/remoteexthost.log [976ms]
2026-07-20 23:39:33.961 [info] > git ls-tree -l 89e3287994c235d579e192a71b4ce446c656057b -- .codeoss/data/logs/20260720T205625/exthost6/remoteExtHostTelemetry.log [985ms]
2026-07-20 23:39:33.961 [info] > git ls-tree -l 89e3287994c235d579e192a71b4ce446c656057b -- .codeoss/data/logs/20260720T205625/exthost6/output_logging_20260720T220145/9-Google Cloud CLI Installation.log [994ms]
2026-07-20 23:39:33.964 [info] > git ls-tree -l 89e3287994c235d579e192a71b4ce446c656057b -- .codeoss/data/logs/20260720T205625/exthost6/output_logging_20260720T220145/8-EditorConfig.log [1005ms]
2026-07-20 23:39:33.965 [info] > git ls-tree -l 89e3287994c235d579e192a71b4ce446c656057b -- .codeoss/data/logs/20260720T205625/exthost6/output_logging_20260720T220145/7-Gemini CLI IDE Companion.log [1014ms]
2026-07-20 23:39:33.965 [info] > git ls-tree -l 89e3287994c235d579e192a71b4ce446c656057b -- .codeoss/data/logs/20260720T205625/exthost6/output_logging_20260720T220145/6-DataCloud Agent Skill Installer.log [1025ms]
2026-07-20 23:39:33.965 [info] > git ls-tree -l 89e3287994c235d579e192a71b4ce446c656057b -- .codeoss/data/logs/20260720T205625/exthost6/output_logging_20260720T220145/5-Visualization MCP.log [1034ms]
2026-07-20 23:39:33.966 [info] > git ls-tree -l 89e3287994c235d579e192a71b4ce446c656057b -- .codeoss/data/logs/20260720T205625/exthost6/output_logging_20260720T220145/4-MCP Audit Logs.log [1044ms]
2026-07-20 23:39:33.966 [info] > git ls-tree -l 89e3287994c235d579e192a71b4ce446c656057b -- .codeoss/data/logs/20260720T205625/exthost6/output_logging_20260720T220145/3-Notebook MCP.log [1053ms]
2026-07-20 23:39:33.966 [info] > git ls-tree -l 89e3287994c235d579e192a71b4ce446c656057b -- .codeoss/data/logs/20260720T205625/exthost6/output_logging_20260720T220145/2-Jupyter Server Console.log [1062ms]
2026-07-20 23:39:33.967 [info] > git ls-tree -l 89e3287994c235d579e192a71b4ce446c656057b -- .codeoss/data/logs/20260720T205625/exthost6/output_logging_20260720T220145/13-Gemini Code Assist.log [1071ms]
2026-07-20 23:39:33.967 [info] > git ls-tree -l 89e3287994c235d579e192a71b4ce446c656057b -- .codeoss/data/logs/20260720T205625/exthost6/output_logging_20260720T220145/12-Gemini Code Assist Agent.log [1082ms]
2026-07-20 23:39:33.968 [info] > git ls-tree -l 89e3287994c235d579e192a71b4ce446c656057b -- .codeoss/data/logs/20260720T205625/exthost6/output_logging_20260720T220145/11-Cloud Code Yaml Support.log [1093ms]
2026-07-20 23:39:33.968 [info] > git ls-tree -l 89e3287994c235d579e192a71b4ce446c656057b -- .codeoss/data/logs/20260720T205625/exthost6/output_logging_20260720T220145/10-Apigee.log [1102ms]
2026-07-20 23:39:33.969 [info] > git ls-tree -l 89e3287994c235d579e192a71b4ce446c656057b -- .codeoss/data/logs/20260720T205625/exthost6/output_logging_20260720T220145/1-Jupyter.log [1111ms]
2026-07-20 23:39:33.969 [info] > git ls-tree -l 89e3287994c235d579e192a71b4ce446c656057b -- .codeoss/data/logs/20260720T205625/exthost6/ms-python.python/Python.log [1121ms]
2026-07-20 23:39:33.969 [info] > git ls-tree -l 89e3287994c235d579e192a71b4ce446c656057b -- .codeoss/data/logs/20260720T205625/exthost6/ms-python.python/Python Language Server.log [1130ms]
2026-07-20 23:39:33.970 [info] > git ls-tree -l 89e3287994c235d579e192a71b4ce446c656057b -- .codeoss/data/logs/20260720T205625/exthost6/googlecloudtools.datacloud/Google Cloud Data Agent Kit.log [1140ms]
2026-07-20 23:39:33.970 [info] > git ls-tree -l 89e3287994c235d579e192a71b4ce446c656057b -- .codeoss/data/logs/20260720T205625/exthost5/vscode.json-language-features/JSON Language Server.log [1149ms]
2026-07-20 23:39:33.970 [info] > git ls-tree -l 89e3287994c235d579e192a71b4ce446c656057b -- .codeoss/data/logs/20260720T205625/exthost5/vscode.github/GitHub.log [1157ms]
2026-07-20 23:39:33.971 [info] > git ls-tree -l 89e3287994c235d579e192a71b4ce446c656057b -- .codeoss/data/logs/20260720T205625/exthost5/vscode.github-authentication/GitHub Authentication.log [1167ms]
2026-07-20 23:39:33.971 [info] > git ls-tree -l 89e3287994c235d579e192a71b4ce446c656057b -- .codeoss/data/logs/20260720T205625/exthost5/vscode.git/Git.log [1175ms]
2026-07-20 23:39:33.971 [info] > git ls-tree -l 89e3287994c235d579e192a71b4ce446c656057b -- .codeoss/data/logs/20260720T205625/exthost5/remoteexthost.log [1184ms]
2026-07-20 23:39:33.972 [info] > git ls-tree -l 89e3287994c235d579e192a71b4ce446c656057b -- .codeoss/data/logs/20260720T205625/exthost5/remoteExtHostTelemetry.log [1194ms]
2026-07-20 23:39:33.972 [info] > git ls-tree -l 89e3287994c235d579e192a71b4ce446c656057b -- .codeoss/data/logs/20260720T205625/exthost5/output_logging_20260720T215622/9-Google Cloud CLI Installation.log [1203ms]
2026-07-20 23:39:33.973 [info] > git ls-tree -l 89e3287994c235d579e192a71b4ce446c656057b -- .codeoss/data/logs/20260720T205625/exthost5/output_logging_20260720T215622/8-EditorConfig.log [1212ms]
2026-07-20 23:39:33.973 [info] > git ls-tree -l 89e3287994c235d579e192a71b4ce446c656057b -- .codeoss/data/logs/20260720T205625/exthost5/output_logging_20260720T215622/7-Gemini CLI IDE Companion.log [1222ms]
2026-07-20 23:39:33.973 [info] > git ls-tree -l 89e3287994c235d579e192a71b4ce446c656057b -- .codeoss/data/logs/20260720T205625/exthost5/output_logging_20260720T215622/6-DataCloud Agent Skill Installer.log [1231ms]
2026-07-20 23:39:33.974 [info] > git ls-tree -l 89e3287994c235d579e192a71b4ce446c656057b -- .codeoss/data/logs/20260720T205625/exthost5/output_logging_20260720T215622/5-Visualization MCP.log [1241ms]
2026-07-20 23:39:33.974 [info] > git ls-tree -l 89e3287994c235d579e192a71b4ce446c656057b -- .codeoss/data/logs/20260720T205625/exthost5/output_logging_20260720T215622/4-MCP Audit Logs.log [1252ms]
2026-07-20 23:39:33.974 [info] > git ls-tree -l 89e3287994c235d579e192a71b4ce446c656057b -- .codeoss/data/logs/20260720T205625/exthost5/output_logging_20260720T215622/3-Notebook MCP.log [1261ms]
2026-07-20 23:39:33.974 [info] > git ls-tree -l 89e3287994c235d579e192a71b4ce446c656057b -- .codeoss/data/logs/20260720T205625/exthost5/output_logging_20260720T215622/2-Jupyter Server Console.log [1270ms]
2026-07-20 23:39:33.975 [info] > git ls-tree -l 89e3287994c235d579e192a71b4ce446c656057b -- .codeoss/data/logs/20260720T205625/exthost5/output_logging_20260720T215622/13-Gemini Code Assist.log [1280ms]
2026-07-20 23:39:33.975 [info] > git ls-tree -l 89e3287994c235d579e192a71b4ce446c656057b -- .codeoss/data/logs/20260720T205625/exthost5/output_logging_20260720T215622/12-Gemini Code Assist Agent.log [1289ms]
2026-07-20 23:39:33.975 [info] > git ls-tree -l 89e3287994c235d579e192a71b4ce446c656057b -- .codeoss/data/logs/20260720T205625/exthost5/output_logging_20260720T215622/11-Cloud Code Yaml Support.log [1298ms]
2026-07-20 23:39:33.976 [info] > git ls-tree -l 89e3287994c235d579e192a71b4ce446c656057b -- .codeoss/data/logs/20260720T205625/exthost5/output_logging_20260720T215622/10-Apigee.log [1306ms]
2026-07-20 23:39:33.976 [info] > git ls-tree -l 89e3287994c235d579e192a71b4ce446c656057b -- .codeoss/data/logs/20260720T205625/exthost5/output_logging_20260720T215622/1-Jupyter.log [1314ms]
2026-07-20 23:39:33.976 [info] > git ls-tree -l 89e3287994c235d579e192a71b4ce446c656057b -- .codeoss/data/logs/20260720T205625/exthost5/ms-python.python/Python.log [1321ms]
2026-07-20 23:39:33.977 [info] > git ls-tree -l 89e3287994c235d579e192a71b4ce446c656057b -- .codeoss/data/logs/20260720T205625/exthost5/ms-python.python/Python Language Server.log [1333ms]
2026-07-20 23:39:33.977 [info] > git ls-tree -l 89e3287994c235d579e192a71b4ce446c656057b -- .codeoss/data/logs/20260720T205625/exthost5/googlecloudtools.datacloud/Google Cloud Data Agent Kit.log [1343ms]
2026-07-20 23:39:33.978 [info] > git ls-tree -l 89e3287994c235d579e192a71b4ce446c656057b -- .codeoss/data/logs/20260720T205625/exthost4/vscode.git/Git.log [1359ms]
2026-07-20 23:39:33.978 [info] > git ls-tree -l b2376e020d81bb0b1b79ffeed213152b134304ad -- .codeoss/data/logs/20260720T205625/exthost4/vscode.git/Git.log [1371ms]
2026-07-20 23:39:33.978 [info] > git ls-tree -l 89e3287994c235d579e192a71b4ce446c656057b -- .codeoss/data/logs/20260720T205625/exthost4/output_logging_20260720T212824/8-EditorConfig.log [1383ms]
2026-07-20 23:39:33.979 [info] > git ls-tree -l b2376e020d81bb0b1b79ffeed213152b134304ad -- .codeoss/data/logs/20260720T205625/exthost4/output_logging_20260720T212824/8-EditorConfig.log [1397ms]
2026-07-20 23:39:33.979 [info] > git ls-tree -l 89e3287994c235d579e192a71b4ce446c656057b -- .codeoss/data/logs/20260720T205625/exthost4/output_logging_20260720T212824/10-Gemini Code Assist.log [1414ms]
2026-07-20 23:39:33.979 [info] > git ls-tree -l b2376e020d81bb0b1b79ffeed213152b134304ad -- .codeoss/data/logs/20260720T205625/exthost4/output_logging_20260720T212824/10-Gemini Code Assist.log [1427ms]
2026-07-20 23:39:33.980 [info] > git ls-tree -l 89e3287994c235d579e192a71b4ce446c656057b -- .codeoss/data/User/workspaceStorage/4afbe30d-2/ms-python.python/pythonrc.py [1444ms]
2026-07-20 23:39:33.980 [info] > git ls-tree -l 89e3287994c235d579e192a71b4ce446c656057b -- .codeoss/data/User/workspaceStorage/4afbe30d-1/vscode.lock [1462ms]
2026-07-20 23:39:33.980 [info] > git ls-tree -l 89e3287994c235d579e192a71b4ce446c656057b -- .bash_history [1479ms]
2026-07-20 23:39:33.981 [info] > git ls-tree -l b2376e020d81bb0b1b79ffeed213152b134304ad -- .bash_history [1499ms]
2026-07-20 23:39:34.004 [info] > git for-each-ref --format=%(refname)%00%(upstream:short)%00%(objectname)%00%(upstream:track)%00%(upstream:remotename)%00%(upstream:remoteref) refs/heads/main refs/remotes/main [3204ms]
2026-07-20 23:39:34.047 [info] > git show --textconv 89e3287994c235d579e192a71b4ce446c656057b:.gemini/tmp/daypirate2/chats/session-2026-07-20T22-05-a2a-serv.jsonl [1928ms]
2026-07-20 23:39:34.047 [info] > git status -z -uall [35ms]
2026-07-20 23:39:34.049 [info] > git for-each-ref --sort -committerdate --format %(refname)%00%(objectname)%00%(*objectname) [27ms]
2026-07-20 23:39:35.743 [info] > git blame --root --incremental 89e3287994c235d579e192a71b4ce446c656057b -- .bash_history [181ms]
2026-07-20 23:39:42.416 [info] > git for-each-ref --sort -committerdate --format %(refname)%00%(objectname)%00%(*objectname) refs/heads/main [133ms]
2026-07-20 23:39:44.444 [info] > git log --format=%H%n%aN%n%aE%n%at%n%ct%n%P%n%D%n%B -z --shortstat --diff-merges=first-parent -n50 --skip=0 --topo-order --decorate=full --stdin [1912ms]
2026-07-20 23:39:51.340 [info] > git for-each-ref --sort -committerdate --format %(refname)%00%(objectname)%00%(*objectname) [3ms]
2026-07-20 23:40:01.291 [info] > git for-each-ref --sort -committerdate --format %(refname)%00%(objectname)%00%(*objectname) [2ms]
2026-07-20 23:40:01.575 [info] > git log --format=%H%n%aN%n%aE%n%at%n%ct%n%P%n%D%n%B -z --shortstat --diff-merges=first-parent -n50 --skip=0 --topo-order --decorate=full --stdin [204ms]
2026-07-20 23:40:05.406 [info] > git for-each-ref --sort -committerdate --format %(refname)%00%(objectname)%00%(*objectname) [2ms]
2026-07-20 23:40:05.668 [info] > git log --format=%H%n%aN%n%aE%n%at%n%ct%n%P%n%D%n%B -z --shortstat --diff-merges=first-parent -n50 --skip=0 --topo-order --decorate=full --stdin [192ms]
2026-07-20 23:40:27.061 [info] > git push -u origin main [18991ms]
2026-07-20 23:40:27.061 [info] remote: received invalid token, please visit https://cloud.google.com/secure-source-manager/docs/troubleshoot for help troubleshooting authentication failures.
fatal: Authentication failed for 'https://main-instance-159147526315-git.us-central1.sourcemanager.dev/source-root-7076/source-root.git/'
2026-07-20 23:40:27.074 [info] > git config --get commit.template [3ms]
2026-07-20 23:40:27.091 [info] > git for-each-ref --format=%(refname)%00%(upstream:short)%00%(objectname)%00%(upstream:track)%00%(upstream:remotename)%00%(upstream:remoteref) refs/heads/main refs/remotes/main [6ms]
2026-07-20 23:40:27.111 [info] > git for-each-ref --sort -committerdate --format %(refname)%00%(objectname)%00%(*objectname) [3ms]
2026-07-20 23:40:27.115 [info] > git status -z -uall [16ms]
2026-07-20 23:40:42.525 [info] > git for-each-ref --sort -committerdate --format %(refname)%00%(objectname)%00%(*objectname) [2ms]
2026-07-20 23:40:42.796 [info] > git log --format=%H%n%aN%n%aE%n%at%n%ct%n%P%n%D%n%B -z --shortstat --diff-merges=first-parent -n50 --skip=0 --topo-order --decorate=full --stdin [196ms]
2026-07-20 23:40:56.463 [info] > git push -u origin main [12248ms]
2026-07-20 23:40:56.463 [info] remote: Not authorized, missing or invalid basic access authentication header. Please visit https://cloud.google.com/secure-source-manager/docs/troubleshoot#git-https-requests-fail for help troubleshooting authentication failures.
fatal: Authentication failed for 'https://main-instance-159147526315-git.us-central1.sourcemanager.dev/source-root-7076/source-root.git/'
2026-07-20 23:40:56.481 [info] > git config --get commit.template [9ms]
2026-07-20 23:40:56.482 [info] > git for-each-ref --format=%(refname)%00%(upstream:short)%00%(objectname)%00%(upstream:track)%00%(upstream:remotename)%00%(upstream:remoteref) refs/heads/main refs/remotes/main [2ms]
2026-07-20 23:40:56.501 [info] > git for-each-ref --sort -committerdate --format %(refname)%00%(objectname)%00%(*objectname) [3ms]
2026-07-20 23:40:56.506 [info] > git status -z -uall [15ms]
2026-07-20 23:41:32.857 [info] > git push -u origin main [31508ms]
2026-07-20 23:41:32.857 [info] remote: received invalid token, please visit https://cloud.google.com/secure-source-manager/docs/troubleshoot for help troubleshooting authentication failures.
fatal: Authentication failed for 'https://main-instance-159147526315-git.us-central1.sourcemanager.dev/source-root-7076/source-root.git/'
2026-07-20 23:41:32.879 [info] > git config --get commit.template [10ms]
2026-07-20 23:41:32.880 [info] > git for-each-ref --format=%(refname)%00%(upstream:short)%00%(objectname)%00%(upstream:track)%00%(upstream:remotename)%00%(upstream:remoteref) refs/heads/main refs/remotes/main [2ms]
2026-07-20 23:41:32.899 [info] > git for-each-ref --sort -committerdate --format %(refname)%00%(objectname)%00%(*objectname) [2ms]
2026-07-20 23:41:32.903 [info] > git status -z -uall [14ms]
2026-07-20 23:41:50.190 [info] > git ls-tree -l 89e3287994c235d579e192a71b4ce446c656057b -- .codeoss/data/logs/20260720T205625/exthost5/output_logging_20260720T215622/12-Gemini Code Assist Agent.log [14ms]
2026-07-20 23:41:50.191 [info] > git ls-tree -l 89e3287994c235d579e192a71b4ce446c656057b -- .codeoss/data/logs/20260720T205625/exthost5/output_logging_20260720T215622/11-Cloud Code Yaml Support.log [28ms]
2026-07-20 23:41:50.192 [info] > git ls-tree -l 89e3287994c235d579e192a71b4ce446c656057b -- .codeoss/data/logs/20260720T205625/exthost5/output_logging_20260720T215622/10-Apigee.log [37ms]
2026-07-20 23:41:50.192 [info] > git ls-tree -l 89e3287994c235d579e192a71b4ce446c656057b -- .codeoss/data/logs/20260720T205625/exthost5/output_logging_20260720T215622/1-Jupyter.log [47ms]
2026-07-20 23:41:50.192 [info] > git ls-tree -l 89e3287994c235d579e192a71b4ce446c656057b -- .bash_history [57ms]
2026-07-20 23:41:50.193 [info] > git ls-tree -l b2376e020d81bb0b1b79ffeed213152b134304ad -- .bash_history [65ms]
2026-07-20 23:41:50.194 [info] > git config --get commit.template [6ms]
2026-07-20 23:41:50.206 [info] > git for-each-ref --format=%(refname)%00%(upstream:short)%00%(objectname)%00%(upstream:track)%00%(upstream:remotename)%00%(upstream:remoteref) refs/heads/main refs/remotes/main [1ms]
2026-07-20 23:41:50.230 [info] > git for-each-ref --sort -committerdate --format %(refname)%00%(objectname)%00%(*objectname) [4ms]
2026-07-20 23:41:50.233 [info] > git status -z -uall [17ms]
2026-07-20 23:42:32.983 [info] > git ls-tree -l 89e3287994c235d579e192a71b4ce446c656057b -- .codeoss/data/logs/20260720T205625/exthost5/output_logging_20260720T215622/12-Gemini Code Assist Agent.log [12ms]
2026-07-20 23:42:32.984 [info] > git ls-tree -l 89e3287994c235d579e192a71b4ce446c656057b -- .codeoss/data/logs/20260720T205625/exthost5/output_logging_20260720T215622/11-Cloud Code Yaml Support.log [21ms]
2026-07-20 23:42:32.984 [info] > git ls-tree -l 89e3287994c235d579e192a71b4ce446c656057b -- .codeoss/data/logs/20260720T205625/exthost5/output_logging_20260720T215622/10-Apigee.log [29ms]
2026-07-20 23:42:32.984 [info] > git ls-tree -l 89e3287994c235d579e192a71b4ce446c656057b -- .codeoss/data/logs/20260720T205625/exthost5/output_logging_20260720T215622/1-Jupyter.log [38ms]
2026-07-20 23:42:32.984 [info] > git ls-tree -l 89e3287994c235d579e192a71b4ce446c656057b -- .bash_history [46ms]
2026-07-20 23:42:32.985 [info] > git ls-tree -l b2376e020d81bb0b1b79ffeed213152b134304ad -- .bash_history [55ms]
2026-07-20 23:42:32.986 [info] > git config --get commit.template [5ms]
2026-07-20 23:42:33.001 [info] > git for-each-ref --format=%(refname)%00%(upstream:short)%00%(objectname)%00%(upstream:track)%00%(upstream:remotename)%00%(upstream:remoteref) refs/heads/main refs/remotes/main [7ms]
2026-07-20 23:42:33.019 [info] > git for-each-ref --sort -committerdate --format %(refname)%00%(objectname)%00%(*objectname) [3ms]
2026-07-20 23:42:33.023 [info] > git status -z -uall [15ms]
2026-07-20 23:42:38.052 [info] > git config --get commit.template [12ms]
2026-07-20 23:42:38.054 [info] > git for-each-ref --format=%(refname)%00%(upstream:short)%00%(objectname)%00%(upstream:track)%00%(upstream:remotename)%00%(upstream:remoteref) refs/heads/main refs/remotes/main [3ms]
2026-07-20 23:42:38.077 [info] > git for-each-ref --sort -committerdate --format %(refname)%00%(objectname)%00%(*objectname) [3ms]
2026-07-20 23:42:38.082 [info] > git status -z -uall [19ms]
2026-07-20 23:42:43.099 [info] > git config --get commit.template [3ms]
2026-07-20 23:42:43.110 [info] > git for-each-ref --format=%(refname)%00%(upstream:short)%00%(objectname)%00%(upstream:track)%00%(upstream:remotename)%00%(upstream:remoteref) refs/heads/main refs/remotes/main [2ms]
2026-07-20 23:42:43.131 [info] > git for-each-ref --sort -committerdate --format %(refname)%00%(objectname)%00%(*objectname) [3ms]
2026-07-20 23:42:43.135 [info] > git status -z -uall [16ms]
2026-07-20 23:42:48.157 [info] > git config --get commit.template [9ms]
2026-07-20 23:42:48.159 [info] > git for-each-ref --format=%(refname)%00%(upstream:short)%00%(objectname)%00%(upstream:track)%00%(upstream:remotename)%00%(upstream:remoteref) refs/heads/main refs/remotes/main [1ms]
2026-07-20 23:42:48.184 [info] > git for-each-ref --sort -committerdate --format %(refname)%00%(objectname)%00%(*objectname) [2ms]
2026-07-20 23:42:48.188 [info] > git status -z -uall [14ms]
2026-07-20 23:42:58.136 [info] > git config --get commit.template [2ms]
2026-07-20 23:42:58.145 [info] > git for-each-ref --format=%(refname)%00%(upstream:short)%00%(objectname)%00%(upstream:track)%00%(upstream:remotename)%00%(upstream:remoteref) refs/heads/main refs/remotes/main [2ms]
2026-07-20 23:42:58.164 [info] > git for-each-ref --sort -committerdate --format %(refname)%00%(objectname)%00%(*objectname) [3ms]
2026-07-20 23:42:58.167 [info] > git status -z -uall [14ms]
2026-07-20 23:43:03.198 [info] > git config --get commit.template [11ms]
2026-07-20 23:43:03.199 [info] > git for-each-ref --format=%(refname)%00%(upstream:short)%00%(objectname)%00%(upstream:track)%00%(upstream:remotename)%00%(upstream:remoteref) refs/heads/main refs/remotes/main [2ms]
2026-07-20 23:43:03.222 [info] > git for-each-ref --sort -committerdate --format %(refname)%00%(objectname)%00%(*objectname) [2ms]
2026-07-20 23:43:03.224 [info] > git status -z -uall [16ms]
2026-07-20 23:43:08.250 [info] > git config --get commit.template [10ms]
2026-07-20 23:43:08.251 [info] > git for-each-ref --format=%(refname)%00%(upstream:short)%00%(objectname)%00%(upstream:track)%00%(upstream:remotename)%00%(upstream:remoteref) refs/heads/main refs/remotes/main [2ms]
2026-07-20 23:43:08.272 [info] > git for-each-ref --sort -committerdate --format %(refname)%00%(objectname)%00%(*objectname) [4ms]
2026-07-20 23:43:08.275 [info] > git status -z -uall [15ms]
2026-07-20 23:43:13.704 [info] > git ls-tree -l 89e3287994c235d579e192a71b4ce446c656057b -- .codeoss/data/logs/20260720T205625/exthost5/output_logging_20260720T215622/11-Cloud Code Yaml Support.log [22ms]
2026-07-20 23:43:13.705 [info] > git ls-tree -l 89e3287994c235d579e192a71b4ce446c656057b -- .codeoss/data/logs/20260720T205625/exthost5/output_logging_20260720T215622/10-Apigee.log [32ms]
2026-07-20 23:43:13.705 [info] > git ls-tree -l 89e3287994c235d579e192a71b4ce446c656057b -- .codeoss/data/logs/20260720T205625/exthost5/output_logging_20260720T215622/1-Jupyter.log [41ms]
2026-07-20 23:43:13.706 [info] > git ls-tree -l 89e3287994c235d579e192a71b4ce446c656057b -- .bash_history [50ms]
2026-07-20 23:43:13.706 [info] > git ls-tree -l b2376e020d81bb0b1b79ffeed213152b134304ad -- .bash_history [58ms]
2026-07-20 23:43:13.707 [info] > git config --get commit.template [6ms]
2026-07-20 23:43:13.707 [info] > git ls-tree -l 89e3287994c235d579e192a71b4ce446c656057b -- .codeoss/data/logs/20260720T205625/exthost5/output_logging_20260720T215622/12-Gemini Code Assist Agent.log [17ms]
2026-07-20 23:43:13.719 [info] > git for-each-ref --format=%(refname)%00%(upstream:short)%00%(objectname)%00%(upstream:track)%00%(upstream:remotename)%00%(upstream:remoteref) refs/heads/main refs/remotes/main [2ms]
2026-07-20 23:43:13.738 [info] > git for-each-ref --sort -committerdate --format %(refname)%00%(objectname)%00%(*objectname) [2ms]
2026-07-20 23:43:13.741 [info] > git status -z -uall [14ms]
2026-07-20 23:43:22.432 [info] > git ls-tree -l 89e3287994c235d579e192a71b4ce446c656057b -- .codeoss/data/logs/20260720T205625/exthost5/output_logging_20260720T215622/11-Cloud Code Yaml Support.log [23ms]
2026-07-20 23:43:22.432 [info] > git ls-tree -l 89e3287994c235d579e192a71b4ce446c656057b -- .codeoss/data/logs/20260720T205625/exthost5/output_logging_20260720T215622/10-Apigee.log [32ms]
2026-07-20 23:43:22.433 [info] > git ls-tree -l 89e3287994c235d579e192a71b4ce446c656057b -- .codeoss/data/logs/20260720T205625/exthost5/output_logging_20260720T215622/1-Jupyter.log [42ms]
2026-07-20 23:43:22.433 [info] > git ls-tree -l 89e3287994c235d579e192a71b4ce446c656057b -- .bash_history [50ms]
2026-07-20 23:43:22.433 [info] > git ls-tree -l b2376e020d81bb0b1b79ffeed213152b134304ad -- .bash_history [58ms]
2026-07-20 23:43:22.434 [info] > git config --get commit.template [3ms]
2026-07-20 23:43:22.435 [info] > git ls-tree -l 89e3287994c235d579e192a71b4ce446c656057b -- .codeoss/data/logs/20260720T205625/exthost5/output_logging_20260720T215622/12-Gemini Code Assist Agent.log [16ms]
2026-07-20 23:43:22.445 [info] > git for-each-ref --format=%(refname)%00%(upstream:short)%00%(objectname)%00%(upstream:track)%00%(upstream:remotename)%00%(upstream:remoteref) refs/heads/main refs/remotes/main [2ms]
2026-07-20 23:43:22.466 [info] > git for-each-ref --sort -committerdate --format %(refname)%00%(objectname)%00%(*objectname) [1ms]
2026-07-20 23:43:22.472 [info] > git status -z -uall [19ms]
2026-07-20 23:43:37.807 [info] > git push -u origin main [13637ms]
2026-07-20 23:43:37.808 [info] remote: received invalid token, please visit https://cloud.google.com/secure-source-manager/docs/troubleshoot for help troubleshooting authentication failures.
fatal: Authentication failed for 'https://main-instance-159147526315-git.us-central1.sourcemanager.dev/source-root-7076/source-root.git/'
2026-07-20 23:43:37.819 [info] > git config --get commit.template [3ms]
2026-07-20 23:43:37.829 [info] > git for-each-ref --format=%(refname)%00%(upstream:short)%00%(objectname)%00%(upstream:track)%00%(upstream:remotename)%00%(upstream:remoteref) refs/heads/main refs/remotes/main [2ms]
2026-07-20 23:43:37.847 [info] > git for-each-ref --sort -committerdate --format %(refname)%00%(objectname)%00%(*objectname) [2ms]
2026-07-20 23:43:37.850 [info] > git status -z -uall [14ms]
2026-07-20 23:43:37.873 [info] > git config --get commit.template [9ms]
2026-07-20 23:43:37.873 [info] > git for-each-ref --format=%(refname)%00%(upstream:short)%00%(objectname)%00%(upstream:track)%00%(upstream:remotename)%00%(upstream:remoteref) refs/heads/main refs/remotes/main [1ms]
2026-07-20 23:43:37.893 [info] > git for-each-ref --sort -committerdate --format %(refname)%00%(objectname)%00%(*objectname) [3ms]
2026-07-20 23:43:37.896 [info] > git status -z -uall [15ms]
2026-07-20 23:43:42.921 [info] > git config --get commit.template [10ms]
2026-07-20 23:43:42.922 [info] > git for-each-ref --format=%(refname)%00%(upstream:short)%00%(objectname)%00%(upstream:track)%00%(upstream:remotename)%00%(upstream:remoteref) refs/heads/main refs/remotes/main [2ms]
2026-07-20 23:43:42.940 [info] > git for-each-ref --sort -committerdate --format %(refname)%00%(objectname)%00%(*objectname) [2ms]
2026-07-20 23:43:42.944 [info] > git status -z -uall [14ms]
2026-07-20 23:43:59.207 [info] > git push -u origin main [16193ms]
2026-07-20 23:43:59.207 [info] remote: received invalid token, please visit https://cloud.google.com/secure-source-manager/docs/troubleshoot for help troubleshooting authentication failures.
fatal: Authentication failed for 'https://main-instance-159147526315-git.us-central1.sourcemanager.dev/source-root-7076/source-root.git/'
2026-07-20 23:43:59.225 [info] > git config --get commit.template [10ms]
2026-07-20 23:43:59.226 [info] > git for-each-ref --format=%(refname)%00%(upstream:short)%00%(objectname)%00%(upstream:track)%00%(upstream:remotename)%00%(upstream:remoteref) refs/heads/main refs/remotes/main [2ms]
2026-07-20 23:43:59.245 [info] > git for-each-ref --sort -committerdate --format %(refname)%00%(objectname)%00%(*objectname) [3ms]
2026-07-20 23:43:59.248 [info] > git status -z -uall [14ms]
2026-07-20 23:43:59.272 [info] > git config --get commit.template [9ms]
2026-07-20 23:43:59.273 [info] > git for-each-ref --format=%(refname)%00%(upstream:short)%00%(objectname)%00%(upstream:track)%00%(upstream:remotename)%00%(upstream:remoteref) refs/heads/main refs/remotes/main [2ms]
2026-07-20 23:43:59.291 [info] > git for-each-ref --sort -committerdate --format %(refname)%00%(objectname)%00%(*objectname) [3ms]
2026-07-20 23:43:59.295 [info] > git status -z -uall [14ms]
2026-07-20 23:44:04.318 [info] > git config --get commit.template [11ms]
2026-07-20 23:44:04.319 [info] > git for-each-ref --format=%(refname)%00%(upstream:short)%00%(objectname)%00%(upstream:track)%00%(upstream:remotename)%00%(upstream:remoteref) refs/heads/main refs/remotes/main [2ms]
2026-07-20 23:44:04.342 [info] > git for-each-ref --sort -committerdate --format %(refname)%00%(objectname)%00%(*objectname) [3ms]
2026-07-20 23:44:04.344 [info] > git status -z -uall [15ms]
2026-07-20 23:44:19.493 [info] > git push -u origin main [13298ms]
2026-07-20 23:44:19.493 [info] remote: Not authorized, missing or invalid basic access authentication header. Please visit https://cloud.google.com/secure-source-manager/docs/troubleshoot#git-https-requests-fail for help troubleshooting authentication failures.
fatal: Authentication failed for 'https://main-instance-159147526315-git.us-central1.sourcemanager.dev/source-root-7076/source-root.git/'
2026-07-20 23:44:19.511 [info] > git config --get commit.template [9ms]
2026-07-20 23:44:19.512 [info] > git for-each-ref --format=%(refname)%00%(upstream:short)%00%(objectname)%00%(upstream:track)%00%(upstream:remotename)%00%(upstream:remoteref) refs/heads/main refs/remotes/main [2ms]
2026-07-20 23:44:19.531 [info] > git for-each-ref --sort -committerdate --format %(refname)%00%(objectname)%00%(*objectname) [3ms]
2026-07-20 23:44:19.534 [info] > git status -z -uall [14ms]
2026-07-20 23:44:19.558 [info] > git config --get commit.template [9ms]
2026-07-20 23:44:19.559 [info] > git for-each-ref --format=%(refname)%00%(upstream:short)%00%(objectname)%00%(upstream:track)%00%(upstream:remotename)%00%(upstream:remoteref) refs/heads/main refs/remotes/main [3ms]
2026-07-20 23:44:19.578 [info] > git for-each-ref --sort -committerdate --format %(refname)%00%(objectname)%00%(*objectname) [2ms]
2026-07-20 23:44:19.582 [info] > git status -z -uall [15ms]
2026-07-20 23:44:24.605 [info] > git config --get commit.template [9ms]
2026-07-20 23:44:24.606 [info] > git for-each-ref --format=%(refname)%00%(upstream:short)%00%(objectname)%00%(upstream:track)%00%(upstream:remotename)%00%(upstream:remoteref) refs/heads/main refs/remotes/main [2ms]
2026-07-20 23:44:24.625 [info] > git for-each-ref --sort -committerdate --format %(refname)%00%(objectname)%00%(*objectname) [2ms]
2026-07-20 23:44:24.628 [info] > git status -z -uall [14ms]
2026-07-20 23:44:29.655 [info] > git config --get commit.template [12ms]
2026-07-20 23:44:29.656 [info] > git for-each-ref --format=%(refname)%00%(upstream:short)%00%(objectname)%00%(upstream:track)%00%(upstream:remotename)%00%(upstream:remoteref) refs/heads/main refs/remotes/main [2ms]
2026-07-20 23:44:29.677 [info] > git for-each-ref --sort -committerdate --format %(refname)%00%(objectname)%00%(*objectname) [2ms]
2026-07-20 23:44:29.680 [info] > git status -z -uall [14ms]
2026-07-20 23:44:34.698 [info] > git config --get commit.template [3ms]
2026-07-20 23:44:34.708 [info] > git for-each-ref --format=%(refname)%00%(upstream:short)%00%(objectname)%00%(upstream:track)%00%(upstream:remotename)%00%(upstream:remoteref) refs/heads/main refs/remotes/main [2ms]
2026-07-20 23:44:34.727 [info] > git for-each-ref --sort -committerdate --format %(refname)%00%(objectname)%00%(*objectname) [2ms]
2026-07-20 23:44:34.731 [info] > git status -z -uall [15ms]
2026-07-20 23:44:39.757 [info] > git config --get commit.template [11ms]
2026-07-20 23:44:39.758 [info] > git for-each-ref --format=%(refname)%00%(upstream:short)%00%(objectname)%00%(upstream:track)%00%(upstream:remotename)%00%(upstream:remoteref) refs/heads/main refs/remotes/main [2ms]
2026-07-20 23:44:39.782 [info] > git status -z -uall [15ms]
2026-07-20 23:44:39.783 [info] > git for-each-ref --sort -committerdate --format %(refname)%00%(objectname)%00%(*objectname) [6ms]
2026-07-20 23:44:44.800 [info] > git config --get commit.template [4ms]
2026-07-20 23:44:44.811 [info] > git for-each-ref --format=%(refname)%00%(upstream:short)%00%(objectname)%00%(upstream:track)%00%(upstream:remotename)%00%(upstream:remoteref) refs/heads/main refs/remotes/main [2ms]
2026-07-20 23:44:44.833 [info] > git for-each-ref --sort -committerdate --format %(refname)%00%(objectname)%00%(*objectname) [2ms]
2026-07-20 23:44:44.835 [info] > git status -z -uall [15ms]
2026-07-20 23:44:49.857 [info] > git config --get commit.template [9ms]
2026-07-20 23:44:49.858 [info] > git for-each-ref --format=%(refname)%00%(upstream:short)%00%(objectname)%00%(upstream:track)%00%(upstream:remotename)%00%(upstream:remoteref) refs/heads/main refs/remotes/main [2ms]
2026-07-20 23:44:49.876 [info] > git for-each-ref --sort -committerdate --format %(refname)%00%(objectname)%00%(*objectname) [2ms]
2026-07-20 23:44:49.880 [info] > git status -z -uall [14ms]
2026-07-20 23:44:54.904 [info] > git config --get commit.template [8ms]
2026-07-20 23:44:54.905 [info] > git for-each-ref --format=%(refname)%00%(upstream:short)%00%(objectname)%00%(upstream:track)%00%(upstream:remotename)%00%(upstream:remoteref) refs/heads/main refs/remotes/main [2ms]
2026-07-20 23:44:54.924 [info] > git for-each-ref --sort -committerdate --format %(refname)%00%(objectname)%00%(*objectname) [2ms]
2026-07-20 23:44:54.928 [info] > git status -z -uall [14ms]
2026-07-20 23:44:59.950 [info] > git config --get commit.template [9ms]
2026-07-20 23:44:59.951 [info] > git for-each-ref --format=%(refname)%00%(upstream:short)%00%(objectname)%00%(upstream:track)%00%(upstream:remotename)%00%(upstream:remoteref) refs/heads/main refs/remotes/main [2ms]
2026-07-20 23:44:59.970 [info] > git for-each-ref --sort -committerdate --format %(refname)%00%(objectname)%00%(*objectname) [3ms]
2026-07-20 23:44:59.973 [info] > git status -z -uall [14ms]
2026-07-20 23:45:05.001 [info] > git config --get commit.template [13ms]
2026-07-20 23:45:05.002 [info] > git for-each-ref --format=%(refname)%00%(upstream:short)%00%(objectname)%00%(upstream:track)%00%(upstream:remotename)%00%(upstream:remoteref) refs/heads/main refs/remotes/main [3ms]
2026-07-20 23:45:05.026 [info] > git for-each-ref --sort -committerdate --format %(refname)%00%(objectname)%00%(*objectname) [2ms]
2026-07-20 23:45:05.030 [info] > git status -z -uall [19ms]
2026-07-20 23:45:10.056 [info] > git config --get commit.template [12ms]
2026-07-20 23:45:10.056 [info] > git for-each-ref --format=%(refname)%00%(upstream:short)%00%(objectname)%00%(upstream:track)%00%(upstream:remotename)%00%(upstream:remoteref) refs/heads/main refs/remotes/main [4ms]
2026-07-20 23:45:10.079 [info] > git for-each-ref --sort -committerdate --format %(refname)%00%(objectname)%00%(*objectname) [3ms]
2026-07-20 23:45:10.084 [info] > git status -z -uall [17ms]
2026-07-20 23:45:15.104 [info] > git config --get commit.template [9ms]
2026-07-20 23:45:15.105 [info] > git for-each-ref --format=%(refname)%00%(upstream:short)%00%(objectname)%00%(upstream:track)%00%(upstream:remotename)%00%(upstream:remoteref) refs/heads/main refs/remotes/main [2ms]
2026-07-20 23:45:15.125 [info] > git for-each-ref --sort -committerdate --format %(refname)%00%(objectname)%00%(*objectname) [3ms]
2026-07-20 23:45:15.129 [info] > git status -z -uall [14ms]
2026-07-20 23:45:20.150 [info] > git config --get commit.template [9ms]
2026-07-20 23:45:20.151 [info] > git for-each-ref --format=%(refname)%00%(upstream:short)%00%(objectname)%00%(upstream:track)%00%(upstream:remotename)%00%(upstream:remoteref) refs/heads/main refs/remotes/main [1ms]
2026-07-20 23:45:20.168 [info] > git for-each-ref --sort -committerdate --format %(refname)%00%(objectname)%00%(*objectname) [2ms]
2026-07-20 23:45:20.172 [info] > git status -z -uall [14ms]
2026-07-20 23:45:29.601 [info] > git ls-tree -l 89e3287994c235d579e192a71b4ce446c656057b -- .codeoss/data/logs/20260720T205625/exthost5/output_logging_20260720T215622/11-Cloud Code Yaml Support.log [23ms]
2026-07-20 23:45:29.601 [info] > git ls-tree -l 89e3287994c235d579e192a71b4ce446c656057b -- .codeoss/data/logs/20260720T205625/exthost5/output_logging_20260720T215622/10-Apigee.log [33ms]
2026-07-20 23:45:29.602 [info] > git ls-tree -l 89e3287994c235d579e192a71b4ce446c656057b -- .codeoss/data/logs/20260720T205625/exthost5/output_logging_20260720T215622/1-Jupyter.log [45ms]
2026-07-20 23:45:29.602 [info] > git ls-tree -l 89e3287994c235d579e192a71b4ce446c656057b -- .bash_history [53ms]
2026-07-20 23:45:29.603 [info] > git ls-tree -l b2376e020d81bb0b1b79ffeed213152b134304ad -- .bash_history [64ms]
2026-07-20 23:45:29.604 [info] > git config --get commit.template [5ms]
2026-07-20 23:45:29.604 [info] > git ls-tree -l 89e3287994c235d579e192a71b4ce446c656057b -- .codeoss/data/logs/20260720T205625/exthost5/output_logging_20260720T215622/12-Gemini Code Assist Agent.log [16ms]
2026-07-20 23:45:29.615 [info] > git for-each-ref --format=%(refname)%00%(upstream:short)%00%(objectname)%00%(upstream:track)%00%(upstream:remotename)%00%(upstream:remoteref) refs/heads/main refs/remotes/main [2ms]
2026-07-20 23:45:29.639 [info] > git status -z -uall [15ms]
2026-07-20 23:45:29.639 [info] > git for-each-ref --sort -committerdate --format %(refname)%00%(objectname)%00%(*objectname) [4ms]
2026-07-20 23:45:34.661 [info] > git config --get commit.template [10ms]
2026-07-20 23:45:34.662 [info] > git for-each-ref --format=%(refname)%00%(upstream:short)%00%(objectname)%00%(upstream:track)%00%(upstream:remotename)%00%(upstream:remoteref) refs/heads/main refs/remotes/main [2ms]
2026-07-20 23:45:34.680 [info] > git for-each-ref --sort -committerdate --format %(refname)%00%(objectname)%00%(*objectname) [2ms]
2026-07-20 23:45:34.685 [info] > git status -z -uall [15ms]
2026-07-20 23:45:39.708 [info] > git config --get commit.template [9ms]
2026-07-20 23:45:39.709 [info] > git for-each-ref --format=%(refname)%00%(upstream:short)%00%(objectname)%00%(upstream:track)%00%(upstream:remotename)%00%(upstream:remoteref) refs/heads/main refs/remotes/main [2ms]
2026-07-20 23:45:39.727 [info] > git for-each-ref --sort -committerdate --format %(refname)%00%(objectname)%00%(*objectname) [3ms]
2026-07-20 23:45:39.730 [info] > git status -z -uall [14ms]
2026-07-20 23:45:47.876 [info] > git ls-tree -l 89e3287994c235d579e192a71b4ce446c656057b -- .codeoss/data/logs/20260720T205625/exthost5/output_logging_20260720T215622/11-Cloud Code Yaml Support.log [22ms]
2026-07-20 23:45:47.877 [info] > git ls-tree -l 89e3287994c235d579e192a71b4ce446c656057b -- .codeoss/data/logs/20260720T205625/exthost5/output_logging_20260720T215622/10-Apigee.log [31ms]
2026-07-20 23:45:47.877 [info] > git ls-tree -l 89e3287994c235d579e192a71b4ce446c656057b -- .codeoss/data/logs/20260720T205625/exthost5/output_logging_20260720T215622/1-Jupyter.log [38ms]
2026-07-20 23:45:47.877 [info] > git ls-tree -l 89e3287994c235d579e192a71b4ce446c656057b -- .bash_history [46ms]
2026-07-20 23:45:47.878 [info] > git ls-tree -l b2376e020d81bb0b1b79ffeed213152b134304ad -- .bash_history [54ms]
2026-07-20 23:45:47.879 [info] > git config --get commit.template [4ms]
2026-07-20 23:45:47.879 [info] > git ls-tree -l 89e3287994c235d579e192a71b4ce446c656057b -- .codeoss/data/logs/20260720T205625/exthost5/output_logging_20260720T215622/12-Gemini Code Assist Agent.log [14ms]
2026-07-20 23:45:47.889 [info] > git for-each-ref --format=%(refname)%00%(upstream:short)%00%(objectname)%00%(upstream:track)%00%(upstream:remotename)%00%(upstream:remoteref) refs/heads/main refs/remotes/main [2ms]
2026-07-20 23:45:47.906 [info] > git for-each-ref --sort -committerdate --format %(refname)%00%(objectname)%00%(*objectname) [3ms]
2026-07-20 23:45:47.910 [info] > git status -z -uall [14ms]
2026-07-20 23:45:52.935 [info] > git config --get commit.template [10ms]
2026-07-20 23:45:52.936 [info] > git for-each-ref --format=%(refname)%00%(upstream:short)%00%(objectname)%00%(upstream:track)%00%(upstream:remotename)%00%(upstream:remoteref) refs/heads/main refs/remotes/main [2ms]
2026-07-20 23:45:52.961 [info] > git status -z -uall [14ms]
2026-07-20 23:45:52.961 [info] > git for-each-ref --sort -committerdate --format %(refname)%00%(objectname)%00%(*objectname) [4ms]
2026-07-20 23:45:57.989 [info] > git config --get commit.template [11ms]
2026-07-20 23:45:57.991 [info] > git for-each-ref --format=%(refname)%00%(upstream:short)%00%(objectname)%00%(upstream:track)%00%(upstream:remotename)%00%(upstream:remoteref) refs/heads/main refs/remotes/main [3ms]
2026-07-20 23:45:58.012 [info] > git for-each-ref --sort -committerdate --format %(refname)%00%(objectname)%00%(*objectname) [3ms]
2026-07-20 23:45:58.016 [info] > git status -z -uall [16ms]
2026-07-20 23:46:03.035 [info] > git config --get commit.template [4ms]
2026-07-20 23:46:03.047 [info] > git for-each-ref --format=%(refname)%00%(upstream:short)%00%(objectname)%00%(upstream:track)%00%(upstream:remotename)%00%(upstream:remoteref) refs/heads/main refs/remotes/main [2ms]
2026-07-20 23:46:03.071 [info] > git for-each-ref --sort -committerdate --format %(refname)%00%(objectname)%00%(*objectname) [3ms]
2026-07-20 23:46:03.073 [info] > git status -z -uall [16ms]
2026-07-20 23:46:34.505 [info] > git ls-tree -l 89e3287994c235d579e192a71b4ce446c656057b -- .codeoss/data/logs/20260720T205625/exthost5/output_logging_20260720T215622/11-Cloud Code Yaml Support.log [22ms]
2026-07-20 23:46:34.506 [info] > git ls-tree -l 89e3287994c235d579e192a71b4ce446c656057b -- .codeoss/data/logs/20260720T205625/exthost5/output_logging_20260720T215622/10-Apigee.log [30ms]
2026-07-20 23:46:34.506 [info] > git ls-tree -l 89e3287994c235d579e192a71b4ce446c656057b -- .codeoss/data/logs/20260720T205625/exthost5/output_logging_20260720T215622/1-Jupyter.log [39ms]
2026-07-20 23:46:34.506 [info] > git ls-tree -l 89e3287994c235d579e192a71b4ce446c656057b -- .bash_history [48ms]
2026-07-20 23:46:34.507 [info] > git ls-tree -l b2376e020d81bb0b1b79ffeed213152b134304ad -- .bash_history [57ms]
2026-07-20 23:46:34.508 [info] > git config --get commit.template [6ms]
2026-07-20 23:46:34.508 [info] > git ls-tree -l 89e3287994c235d579e192a71b4ce446c656057b -- .codeoss/data/logs/20260720T205625/exthost5/output_logging_20260720T215622/12-Gemini Code Assist Agent.log [16ms]
2026-07-20 23:46:34.518 [info] > git for-each-ref --format=%(refname)%00%(upstream:short)%00%(objectname)%00%(upstream:track)%00%(upstream:remotename)%00%(upstream:remoteref) refs/heads/main refs/remotes/main [2ms]
2026-07-20 23:46:34.537 [info] > git for-each-ref --sort -committerdate --format %(refname)%00%(objectname)%00%(*objectname) [3ms]
2026-07-20 23:46:34.541 [info] > git status -z -uall [15ms]
2026-07-20 23:46:40.016 [info] > git ls-tree -l 89e3287994c235d579e192a71b4ce446c656057b -- .codeoss/data/logs/20260720T205625/exthost5/output_logging_20260720T215622/12-Gemini Code Assist Agent.log [13ms]
2026-07-20 23:46:40.016 [info] > git ls-tree -l 89e3287994c235d579e192a71b4ce446c656057b -- .codeoss/data/logs/20260720T205625/exthost5/output_logging_20260720T215622/11-Cloud Code Yaml Support.log [25ms]
2026-07-20 23:46:40.017 [info] > git ls-tree -l 89e3287994c235d579e192a71b4ce446c656057b -- .codeoss/data/logs/20260720T205625/exthost5/output_logging_20260720T215622/10-Apigee.log [35ms]
2026-07-20 23:46:40.017 [info] > git ls-tree -l 89e3287994c235d579e192a71b4ce446c656057b -- .codeoss/data/logs/20260720T205625/exthost5/output_logging_20260720T215622/1-Jupyter.log [48ms]
2026-07-20 23:46:40.017 [info] > git ls-tree -l 89e3287994c235d579e192a71b4ce446c656057b -- .bash_history [59ms]
2026-07-20 23:46:40.017 [info] > git ls-tree -l b2376e020d81bb0b1b79ffeed213152b134304ad -- .bash_history [68ms]
2026-07-20 23:46:40.018 [info] > git config --get commit.template [4ms]
2026-07-20 23:46:40.029 [info] > git for-each-ref --format=%(refname)%00%(upstream:short)%00%(objectname)%00%(upstream:track)%00%(upstream:remotename)%00%(upstream:remoteref) refs/heads/main refs/remotes/main [2ms]
2026-07-20 23:46:40.053 [info] > git status -z -uall [15ms]
2026-07-20 23:46:40.054 [info] > git for-each-ref --sort -committerdate --format %(refname)%00%(objectname)%00%(*objectname) [5ms]
2026-07-20 23:46:45.074 [info] > git config --get commit.template [9ms]
2026-07-20 23:46:45.075 [info] > git for-each-ref --format=%(refname)%00%(upstream:short)%00%(objectname)%00%(upstream:track)%00%(upstream:remotename)%00%(upstream:remoteref) refs/heads/main refs/remotes/main [2ms]
2026-07-20 23:46:45.092 [info] > git for-each-ref --sort -committerdate --format %(refname)%00%(objectname)%00%(*objectname) [2ms]
2026-07-20 23:46:45.096 [info] > git status -z -uall [14ms]
2026-07-20 23:46:50.124 [info] > git config --get commit.template [11ms]
2026-07-20 23:46:50.125 [info] > git for-each-ref --format=%(refname)%00%(upstream:short)%00%(objectname)%00%(upstream:track)%00%(upstream:remotename)%00%(upstream:remoteref) refs/heads/main refs/remotes/main [3ms]
2026-07-20 23:46:50.145 [info] > git for-each-ref --sort -committerdate --format %(refname)%00%(objectname)%00%(*objectname) [3ms]
2026-07-20 23:46:50.150 [info] > git status -z -uall [16ms]
2026-07-20 23:47:04.143 [info] > git ls-tree -l 89e3287994c235d579e192a71b4ce446c656057b -- .codeoss/data/logs/20260720T205625/exthost5/output_logging_20260720T215622/11-Cloud Code Yaml Support.log [21ms]
2026-07-20 23:47:04.143 [info] > git ls-tree -l 89e3287994c235d579e192a71b4ce446c656057b -- .codeoss/data/logs/20260720T205625/exthost5/output_logging_20260720T215622/10-Apigee.log [30ms]
2026-07-20 23:47:04.144 [info] > git ls-tree -l 89e3287994c235d579e192a71b4ce446c656057b -- .codeoss/data/logs/20260720T205625/exthost5/output_logging_20260720T215622/1-Jupyter.log [39ms]
2026-07-20 23:47:04.144 [info] > git ls-tree -l 89e3287994c235d579e192a71b4ce446c656057b -- .bash_history [48ms]
2026-07-20 23:47:04.144 [info] > git ls-tree -l b2376e020d81bb0b1b79ffeed213152b134304ad -- .bash_history [56ms]
2026-07-20 23:47:04.145 [info] > git config --get commit.template [3ms]
2026-07-20 23:47:04.145 [info] > git ls-tree -l 89e3287994c235d579e192a71b4ce446c656057b -- .codeoss/data/logs/20260720T205625/exthost5/output_logging_20260720T215622/12-Gemini Code Assist Agent.log [15ms]
2026-07-20 23:47:04.155 [info] > git for-each-ref --format=%(refname)%00%(upstream:short)%00%(objectname)%00%(upstream:track)%00%(upstream:remotename)%00%(upstream:remoteref) refs/heads/main refs/remotes/main [2ms]
2026-07-20 23:47:04.173 [info] > git for-each-ref --sort -committerdate --format %(refname)%00%(objectname)%00%(*objectname) [2ms]
2026-07-20 23:47:04.178 [info] > git status -z -uall [15ms]
2026-07-20 23:47:09.196 [info] > git config --get commit.template [2ms]
2026-07-20 23:47:09.206 [info] > git for-each-ref --format=%(refname)%00%(upstream:short)%00%(objectname)%00%(upstream:track)%00%(upstream:remotename)%00%(upstream:remoteref) refs/heads/main refs/remotes/main [2ms]
2026-07-20 23:47:09.223 [info] > git for-each-ref --sort -committerdate --format %(refname)%00%(objectname)%00%(*objectname) [2ms]
2026-07-20 23:47:09.228 [info] > git status -z -uall [14ms]
2026-07-20 23:47:14.249 [info] > git config --get commit.template [9ms]
2026-07-20 23:47:14.250 [info] > git for-each-ref --format=%(refname)%00%(upstream:short)%00%(objectname)%00%(upstream:track)%00%(upstream:remotename)%00%(upstream:remoteref) refs/heads/main refs/remotes/main [2ms]
2026-07-20 23:47:14.269 [info] > git for-each-ref --sort -committerdate --format %(refname)%00%(objectname)%00%(*objectname) [2ms]
2026-07-20 23:47:14.272 [info] > git status -z -uall [14ms]
2026-07-20 23:47:19.297 [info] > git config --get commit.template [11ms]
2026-07-20 23:47:19.299 [info] > git for-each-ref --format=%(refname)%00%(upstream:short)%00%(objectname)%00%(upstream:track)%00%(upstream:remotename)%00%(upstream:remoteref) refs/heads/main refs/remotes/main [2ms]
2026-07-20 23:47:19.319 [info] > git for-each-ref --sort -committerdate --format %(refname)%00%(objectname)%00%(*objectname) [3ms]
2026-07-20 23:47:19.323 [info] > git status -z -uall [15ms]
2026-07-20 23:47:24.349 [info] > git for-each-ref --format=%(refname)%00%(upstream:short)%00%(objectname)%00%(upstream:track)%00%(upstream:remotename)%00%(upstream:remoteref) refs/heads/main refs/remotes/main [3ms]
2026-07-20 23:47:24.349 [info] > git config --get commit.template [12ms]
2026-07-20 23:47:24.367 [info] > git for-each-ref --sort -committerdate --format %(refname)%00%(objectname)%00%(*objectname) [2ms]
2026-07-20 23:47:24.372 [info] > git status -z -uall [14ms]
2026-07-20 23:47:29.392 [info] > git config --get commit.template [9ms]
2026-07-20 23:47:29.393 [info] > git for-each-ref --format=%(refname)%00%(upstream:short)%00%(objectname)%00%(upstream:track)%00%(upstream:remotename)%00%(upstream:remoteref) refs/heads/main refs/remotes/main [2ms]
2026-07-20 23:47:29.412 [info] > git for-each-ref --sort -committerdate --format %(refname)%00%(objectname)%00%(*objectname) [2ms]
2026-07-20 23:47:29.417 [info] > git status -z -uall [14ms]
2026-07-20 23:47:34.440 [info] > git config --get commit.template [9ms]
2026-07-20 23:47:34.442 [info] > git for-each-ref --format=%(refname)%00%(upstream:short)%00%(objectname)%00%(upstream:track)%00%(upstream:remotename)%00%(upstream:remoteref) refs/heads/main refs/remotes/main [3ms]
2026-07-20 23:47:34.463 [info] > git for-each-ref --sort -committerdate --format %(refname)%00%(objectname)%00%(*objectname) [3ms]
2026-07-20 23:47:34.466 [info] > git status -z -uall [15ms]
2026-07-20 23:47:39.480 [info] > git config --get commit.template [3ms]
2026-07-20 23:47:39.490 [info] > git for-each-ref --format=%(refname)%00%(upstream:short)%00%(objectname)%00%(upstream:track)%00%(upstream:remotename)%00%(upstream:remoteref) refs/heads/main refs/remotes/main [2ms]
2026-07-20 23:47:39.508 [info] > git for-each-ref --sort -committerdate --format %(refname)%00%(objectname)%00%(*objectname) [3ms]
2026-07-20 23:47:39.512 [info] > git status -z -uall [14ms]
2026-07-20 23:47:44.532 [info] > git config --get commit.template [9ms]
2026-07-20 23:47:44.533 [info] > git for-each-ref --format=%(refname)%00%(upstream:short)%00%(objectname)%00%(upstream:track)%00%(upstream:remotename)%00%(upstream:remoteref) refs/heads/main refs/remotes/main [2ms]
2026-07-20 23:47:44.553 [info] > git for-each-ref --sort -committerdate --format %(refname)%00%(objectname)%00%(*objectname) [3ms]
2026-07-20 23:47:44.557 [info] > git status -z -uall [14ms]
2026-07-20 23:47:49.583 [info] > git config --get commit.template [11ms]
2026-07-20 23:47:49.584 [info] > git for-each-ref --format=%(refname)%00%(upstream:short)%00%(objectname)%00%(upstream:track)%00%(upstream:remotename)%00%(upstream:remoteref) refs/heads/main refs/remotes/main [2ms]
2026-07-20 23:47:49.609 [info] > git for-each-ref --sort -committerdate --format %(refname)%00%(objectname)%00%(*objectname) [3ms]
2026-07-20 23:47:49.610 [info] > git status -z -uall [15ms]
2026-07-20 23:47:54.627 [info] > git config --get commit.template [4ms]
2026-07-20 23:47:54.637 [info] > git for-each-ref --format=%(refname)%00%(upstream:short)%00%(objectname)%00%(upstream:track)%00%(upstream:remotename)%00%(upstream:remoteref) refs/heads/main refs/remotes/main [2ms]
2026-07-20 23:47:54.655 [info] > git for-each-ref --sort -committerdate --format %(refname)%00%(objectname)%00%(*objectname) [2ms]
2026-07-20 23:47:54.659 [info] > git status -z -uall [14ms]
2026-07-20 23:48:09.701 [info] > git ls-tree -l 89e3287994c235d579e192a71b4ce446c656057b -- .codeoss/data/logs/20260720T205625/exthost5/output_logging_20260720T215622/11-Cloud Code Yaml Support.log [20ms]
2026-07-20 23:48:09.702 [info] > git ls-tree -l 89e3287994c235d579e192a71b4ce446c656057b -- .codeoss/data/logs/20260720T205625/exthost5/output_logging_20260720T215622/10-Apigee.log [29ms]
2026-07-20 23:48:09.702 [info] > git ls-tree -l 89e3287994c235d579e192a71b4ce446c656057b -- .codeoss/data/logs/20260720T205625/exthost5/output_logging_20260720T215622/1-Jupyter.log [38ms]
2026-07-20 23:48:09.702 [info] > git ls-tree -l 89e3287994c235d579e192a71b4ce446c656057b -- .bash_history [47ms]
2026-07-20 23:48:09.702 [info] > git ls-tree -l b2376e020d81bb0b1b79ffeed213152b134304ad -- .bash_history [54ms]
2026-07-20 23:48:09.705 [info] > git config --get commit.template [4ms]
2026-07-20 23:48:09.705 [info] > git ls-tree -l 89e3287994c235d579e192a71b4ce446c656057b -- .codeoss/data/logs/20260720T205625/exthost5/output_logging_20260720T215622/12-Gemini Code Assist Agent.log [15ms]
2026-07-20 23:48:09.714 [info] > git for-each-ref --format=%(refname)%00%(upstream:short)%00%(objectname)%00%(upstream:track)%00%(upstream:remotename)%00%(upstream:remoteref) refs/heads/main refs/remotes/main [2ms]
2026-07-20 23:48:09.732 [info] > git for-each-ref --sort -committerdate --format %(refname)%00%(objectname)%00%(*objectname) [2ms]
2026-07-20 23:48:09.736 [info] > git status -z -uall [14ms]
2026-07-20 23:48:14.757 [info] > git config --get commit.template [9ms]
2026-07-20 23:48:14.758 [info] > git for-each-ref --format=%(refname)%00%(upstream:short)%00%(objectname)%00%(upstream:track)%00%(upstream:remotename)%00%(upstream:remoteref) refs/heads/main refs/remotes/main [2ms]
2026-07-20 23:48:14.776 [info] > git for-each-ref --sort -committerdate --format %(refname)%00%(objectname)%00%(*objectname) [3ms]
2026-07-20 23:48:14.779 [info] > git status -z -uall [14ms]
2026-07-20 23:48:27.155 [info] > git ls-tree -l 89e3287994c235d579e192a71b4ce446c656057b -- .codeoss/data/logs/20260720T205625/exthost5/output_logging_20260720T215622/11-Cloud Code Yaml Support.log [20ms]
2026-07-20 23:48:27.155 [info] > git ls-tree -l 89e3287994c235d579e192a71b4ce446c656057b -- .codeoss/data/logs/20260720T205625/exthost5/output_logging_20260720T215622/10-Apigee.log [29ms]
2026-07-20 23:48:27.155 [info] > git ls-tree -l 89e3287994c235d579e192a71b4ce446c656057b -- .codeoss/data/logs/20260720T205625/exthost5/output_logging_20260720T215622/1-Jupyter.log [36ms]
2026-07-20 23:48:27.155 [info] > git ls-tree -l 89e3287994c235d579e192a71b4ce446c656057b -- .bash_history [44ms]
2026-07-20 23:48:27.156 [info] > git ls-tree -l b2376e020d81bb0b1b79ffeed213152b134304ad -- .bash_history [53ms]
2026-07-20 23:48:27.157 [info] > git config --get commit.template [3ms]
2026-07-20 23:48:27.157 [info] > git ls-tree -l 89e3287994c235d579e192a71b4ce446c656057b -- .codeoss/data/logs/20260720T205625/exthost5/output_logging_20260720T215622/12-Gemini Code Assist Agent.log [15ms]
2026-07-20 23:48:27.166 [info] > git for-each-ref --format=%(refname)%00%(upstream:short)%00%(objectname)%00%(upstream:track)%00%(upstream:remotename)%00%(upstream:remoteref) refs/heads/main refs/remotes/main [2ms]
2026-07-20 23:48:27.183 [info] > git for-each-ref --sort -committerdate --format %(refname)%00%(objectname)%00%(*objectname) [2ms]
2026-07-20 23:48:27.187 [info] > git status -z -uall [14ms]
2026-07-20 23:48:32.203 [info] > git config --get commit.template [3ms]
2026-07-20 23:48:32.213 [info] > git for-each-ref --format=%(refname)%00%(upstream:short)%00%(objectname)%00%(upstream:track)%00%(upstream:remotename)%00%(upstream:remoteref) refs/heads/main refs/remotes/main [2ms]
2026-07-20 23:48:32.232 [info] > git for-each-ref --sort -committerdate --format %(refname)%00%(objectname)%00%(*objectname) [1ms]
2026-07-20 23:48:32.237 [info] > git status -z -uall [16ms]
2026-07-20 23:48:37.258 [info] > git config --get commit.template [9ms]
2026-07-20 23:48:37.259 [info] > git for-each-ref --format=%(refname)%00%(upstream:short)%00%(objectname)%00%(upstream:track)%00%(upstream:remotename)%00%(upstream:remoteref) refs/heads/main refs/remotes/main [2ms]
2026-07-20 23:48:37.276 [info] > git for-each-ref --sort -committerdate --format %(refname)%00%(objectname)%00%(*objectname) [3ms]
2026-07-20 23:48:37.280 [info] > git status -z -uall [14ms]
2026-07-20 23:48:42.302 [info] > git config --get commit.template [9ms]
2026-07-20 23:48:42.303 [info] > git for-each-ref --format=%(refname)%00%(upstream:short)%00%(objectname)%00%(upstream:track)%00%(upstream:remotename)%00%(upstream:remoteref) refs/heads/main refs/remotes/main [2ms]
2026-07-20 23:48:42.321 [info] > git for-each-ref --sort -committerdate --format %(refname)%00%(objectname)%00%(*objectname) [3ms]
2026-07-20 23:48:42.325 [info] > git status -z -uall [14ms]
2026-07-20 23:48:56.734 [info] > git ls-tree -l 89e3287994c235d579e192a71b4ce446c656057b -- .codeoss/data/logs/20260720T205625/exthost5/output_logging_20260720T215622/11-Cloud Code Yaml Support.log [18ms]
2026-07-20 23:48:56.735 [info] > git ls-tree -l 89e3287994c235d579e192a71b4ce446c656057b -- .codeoss/data/logs/20260720T205625/exthost5/output_logging_20260720T215622/10-Apigee.log [29ms]
2026-07-20 23:48:56.735 [info] > git ls-tree -l 89e3287994c235d579e192a71b4ce446c656057b -- .codeoss/data/logs/20260720T205625/exthost5/output_logging_20260720T215622/1-Jupyter.log [37ms]
2026-07-20 23:48:56.735 [info] > git ls-tree -l 89e3287994c235d579e192a71b4ce446c656057b -- .bash_history [46ms]
2026-07-20 23:48:56.736 [info] > git ls-tree -l b2376e020d81bb0b1b79ffeed213152b134304ad -- .bash_history [55ms]
2026-07-20 23:48:56.737 [info] > git config --get commit.template [3ms]
2026-07-20 23:48:56.737 [info] > git ls-tree -l 89e3287994c235d579e192a71b4ce446c656057b -- .codeoss/data/logs/20260720T205625/exthost5/output_logging_20260720T215622/12-Gemini Code Assist Agent.log [14ms]
2026-07-20 23:48:56.747 [info] > git for-each-ref --format=%(refname)%00%(upstream:short)%00%(objectname)%00%(upstream:track)%00%(upstream:remotename)%00%(upstream:remoteref) refs/heads/main refs/remotes/main [3ms]
2026-07-20 23:48:56.766 [info] > git for-each-ref --sort -committerdate --format %(refname)%00%(objectname)%00%(*objectname) [3ms]
2026-07-20 23:48:56.769 [info] > git status -z -uall [15ms]
2026-07-20 23:49:01.790 [info] > git config --get commit.template [8ms]
2026-07-20 23:49:01.791 [info] > git for-each-ref --format=%(refname)%00%(upstream:short)%00%(objectname)%00%(upstream:track)%00%(upstream:remotename)%00%(upstream:remoteref) refs/heads/main refs/remotes/main [2ms]
2026-07-20 23:49:01.810 [info] > git for-each-ref --sort -committerdate --format %(refname)%00%(objectname)%00%(*objectname) [2ms]
2026-07-20 23:49:01.814 [info] > git status -z -uall [16ms]
2026-07-20 23:49:10.768 [info] > git ls-tree -l 89e3287994c235d579e192a71b4ce446c656057b -- .codeoss/data/logs/20260720T205625/exthost5/output_logging_20260720T215622/11-Cloud Code Yaml Support.log [19ms]
2026-07-20 23:49:10.769 [info] > git ls-tree -l 89e3287994c235d579e192a71b4ce446c656057b -- .codeoss/data/logs/20260720T205625/exthost5/output_logging_20260720T215622/10-Apigee.log [28ms]
2026-07-20 23:49:10.769 [info] > git ls-tree -l 89e3287994c235d579e192a71b4ce446c656057b -- .codeoss/data/logs/20260720T205625/exthost5/output_logging_20260720T215622/1-Jupyter.log [35ms]
2026-07-20 23:49:10.769 [info] > git ls-tree -l 89e3287994c235d579e192a71b4ce446c656057b -- .bash_history [43ms]
2026-07-20 23:49:10.770 [info] > git ls-tree -l b2376e020d81bb0b1b79ffeed213152b134304ad -- .bash_history [51ms]
2026-07-20 23:49:10.771 [info] > git config --get commit.template [4ms]
2026-07-20 23:49:10.771 [info] > git ls-tree -l 89e3287994c235d579e192a71b4ce446c656057b -- .codeoss/data/logs/20260720T205625/exthost5/output_logging_20260720T215622/12-Gemini Code Assist Agent.log [13ms]
2026-07-20 23:49:10.780 [info] > git for-each-ref --format=%(refname)%00%(upstream:short)%00%(objectname)%00%(upstream:track)%00%(upstream:remotename)%00%(upstream:remoteref) refs/heads/main refs/remotes/main [2ms]
2026-07-20 23:49:10.798 [info] > git for-each-ref --sort -committerdate --format %(refname)%00%(objectname)%00%(*objectname) [3ms]
2026-07-20 23:49:10.802 [info] > git status -z -uall [14ms]
2026-07-20 23:49:15.823 [info] > git config --get commit.template [9ms]
2026-07-20 23:49:15.824 [info] > git for-each-ref --format=%(refname)%00%(upstream:short)%00%(objectname)%00%(upstream:track)%00%(upstream:remotename)%00%(upstream:remoteref) refs/heads/main refs/remotes/main [2ms]
2026-07-20 23:49:15.842 [info] > git for-each-ref --sort -committerdate --format %(refname)%00%(objectname)%00%(*objectname) [2ms]
2026-07-20 23:49:15.846 [info] > git status -z -uall [14ms]
2026-07-20 23:49:20.869 [info] > git config --get commit.template [8ms]
2026-07-20 23:49:20.870 [info] > git for-each-ref --format=%(refname)%00%(upstream:short)%00%(objectname)%00%(upstream:track)%00%(upstream:remotename)%00%(upstream:remoteref) refs/heads/main refs/remotes/main [2ms]
2026-07-20 23:49:20.888 [info] > git for-each-ref --sort -committerdate --format %(refname)%00%(objectname)%00%(*objectname) [2ms]
2026-07-20 23:49:20.892 [info] > git status -z -uall [14ms]
2026-07-20 23:49:25.914 [info] > git config --get commit.template [9ms]
2026-07-20 23:49:25.915 [info] > git for-each-ref --format=%(refname)%00%(upstream:short)%00%(objectname)%00%(upstream:track)%00%(upstream:remotename)%00%(upstream:remoteref) refs/heads/main refs/remotes/main [2ms]
2026-07-20 23:49:25.934 [info] > git for-each-ref --sort -committerdate --format %(refname)%00%(objectname)%00%(*objectname) [3ms]
2026-07-20 23:49:25.937 [info] > git status -z -uall [14ms]
2026-07-20 23:49:30.960 [info] > git config --get commit.template [9ms]
2026-07-20 23:49:30.961 [info] > git for-each-ref --format=%(refname)%00%(upstream:short)%00%(objectname)%00%(upstream:track)%00%(upstream:remotename)%00%(upstream:remoteref) refs/heads/main refs/remotes/main [2ms]
2026-07-20 23:49:30.979 [info] > git for-each-ref --sort -committerdate --format %(refname)%00%(objectname)%00%(*objectname) [2ms]
2026-07-20 23:49:30.983 [info] > git status -z -uall [13ms]
2026-07-20 23:49:36.008 [info] > git config --get commit.template [11ms]
2026-07-20 23:49:36.009 [info] > git for-each-ref --format=%(refname)%00%(upstream:short)%00%(objectname)%00%(upstream:track)%00%(upstream:remotename)%00%(upstream:remoteref) refs/heads/main refs/remotes/main [2ms]
2026-07-20 23:49:36.030 [info] > git for-each-ref --sort -committerdate --format %(refname)%00%(objectname)%00%(*objectname) [3ms]
2026-07-20 23:49:36.035 [info] > git status -z -uall [16ms]
2026-07-20 23:49:41.060 [info] > git config --get commit.template [10ms]
2026-07-20 23:49:41.062 [info] > git for-each-ref --format=%(refname)%00%(upstream:short)%00%(objectname)%00%(upstream:track)%00%(upstream:remotename)%00%(upstream:remoteref) refs/heads/main refs/remotes/main [3ms]
2026-07-20 23:49:41.082 [info] > git for-each-ref --sort -committerdate --format %(refname)%00%(objectname)%00%(*objectname) [3ms]
2026-07-20 23:49:41.086 [info] > git status -z -uall [15ms]
2026-07-20 23:49:46.101 [info] > git config --get commit.template [3ms]
2026-07-20 23:49:46.111 [info] > git for-each-ref --format=%(refname)%00%(upstream:short)%00%(objectname)%00%(upstream:track)%00%(upstream:remotename)%00%(upstream:remoteref) refs/heads/main refs/remotes/main [2ms]
2026-07-20 23:49:46.128 [info] > git for-each-ref --sort -committerdate --format %(refname)%00%(objectname)%00%(*objectname) [2ms]
2026-07-20 23:49:46.133 [info] > git status -z -uall [15ms]
2026-07-20 23:49:51.149 [info] > git config --get commit.template [2ms]
2026-07-20 23:49:51.160 [info] > git for-each-ref --format=%(refname)%00%(upstream:short)%00%(objectname)%00%(upstream:track)%00%(upstream:remotename)%00%(upstream:remoteref) refs/heads/main refs/remotes/main [2ms]
2026-07-20 23:49:51.182 [info] > git for-each-ref --sort -committerdate --format %(refname)%00%(objectname)%00%(*objectname) [3ms]
2026-07-20 23:49:51.183 [info] > git status -z -uall [14ms]
2026-07-20 23:49:56.210 [info] > git for-each-ref --format=%(refname)%00%(upstream:short)%00%(objectname)%00%(upstream:track)%00%(upstream:remotename)%00%(upstream:remoteref) refs/heads/main refs/remotes/main [4ms]
2026-07-20 23:49:56.210 [info] > git config --get commit.template [12ms]
2026-07-20 23:49:56.231 [info] > git for-each-ref --sort -committerdate --format %(refname)%00%(objectname)%00%(*objectname) [2ms]
2026-07-20 23:49:56.234 [info] > git status -z -uall [16ms]
2026-07-20 23:50:01.258 [info] > git config --get commit.template [10ms]
2026-07-20 23:50:01.259 [info] > git for-each-ref --format=%(refname)%00%(upstream:short)%00%(objectname)%00%(upstream:track)%00%(upstream:remotename)%00%(upstream:remoteref) refs/heads/main refs/remotes/main [2ms]
2026-07-20 23:50:01.279 [info] > git for-each-ref --sort -committerdate --format %(refname)%00%(objectname)%00%(*objectname) [3ms]
2026-07-20 23:50:01.282 [info] > git status -z -uall [14ms]
2026-07-20 23:50:06.307 [info] > git config --get commit.template [11ms]
2026-07-20 23:50:06.308 [info] > git for-each-ref --format=%(refname)%00%(upstream:short)%00%(objectname)%00%(upstream:track)%00%(upstream:remotename)%00%(upstream:remoteref) refs/heads/main refs/remotes/main [2ms]
2026-07-20 23:50:06.331 [info] > git for-each-ref --sort -committerdate --format %(refname)%00%(objectname)%00%(*objectname) [2ms]
2026-07-20 23:50:06.331 [info] > git status -z -uall [13ms]
2026-07-20 23:50:11.354 [info] > git config --get commit.template [9ms]
2026-07-20 23:50:11.355 [info] > git for-each-ref --format=%(refname)%00%(upstream:short)%00%(objectname)%00%(upstream:track)%00%(upstream:remotename)%00%(upstream:remoteref) refs/heads/main refs/remotes/main [1ms]
2026-07-20 23:50:11.374 [info] > git for-each-ref --sort -committerdate --format %(refname)%00%(objectname)%00%(*objectname) [3ms]
2026-07-20 23:50:11.378 [info] > git status -z -uall [15ms]
2026-07-20 23:50:16.399 [info] > git config --get commit.template [9ms]
2026-07-20 23:50:16.400 [info] > git for-each-ref --format=%(refname)%00%(upstream:short)%00%(objectname)%00%(upstream:track)%00%(upstream:remotename)%00%(upstream:remoteref) refs/heads/main refs/remotes/main [2ms]
2026-07-20 23:50:16.418 [info] > git for-each-ref --sort -committerdate --format %(refname)%00%(objectname)%00%(*objectname) [3ms]
2026-07-20 23:50:16.422 [info] > git status -z -uall [14ms]
2026-07-20 23:50:21.444 [info] > git config --get commit.template [9ms]
2026-07-20 23:50:21.446 [info] > git for-each-ref --format=%(refname)%00%(upstream:short)%00%(objectname)%00%(upstream:track)%00%(upstream:remotename)%00%(upstream:remoteref) refs/heads/main refs/remotes/main [3ms]
2026-07-20 23:50:21.466 [info] > git for-each-ref --sort -committerdate --format %(refname)%00%(objectname)%00%(*objectname) [3ms]
2026-07-20 23:50:21.469 [info] > git status -z -uall [15ms]
2026-07-20 23:50:26.482 [info] > git config --get commit.template [2ms]
2026-07-20 23:50:26.492 [info] > git for-each-ref --format=%(refname)%00%(upstream:short)%00%(objectname)%00%(upstream:track)%00%(upstream:remotename)%00%(upstream:remoteref) refs/heads/main refs/remotes/main [2ms]
2026-07-20 23:50:26.510 [info] > git for-each-ref --sort -committerdate --format %(refname)%00%(objectname)%00%(*objectname) [3ms]
2026-07-20 23:50:26.518 [info] > git status -z -uall [18ms]
2026-07-20 23:50:31.532 [info] > git config --get commit.template [2ms]
2026-07-20 23:50:31.541 [info] > git for-each-ref --format=%(refname)%00%(upstream:short)%00%(objectname)%00%(upstream:track)%00%(upstream:remotename)%00%(upstream:remoteref) refs/heads/main refs/remotes/main [2ms]
2026-07-20 23:50:31.561 [info] > git for-each-ref --sort -committerdate --format %(refname)%00%(objectname)%00%(*objectname) [3ms]
2026-07-20 23:50:31.567 [info] > git status -z -uall [18ms]
2026-07-20 23:50:36.587 [info] > git config --get commit.template [8ms]
2026-07-20 23:50:36.588 [info] > git for-each-ref --format=%(refname)%00%(upstream:short)%00%(objectname)%00%(upstream:track)%00%(upstream:remotename)%00%(upstream:remoteref) refs/heads/main refs/remotes/main [2ms]
2026-07-20 23:50:36.607 [info] > git for-each-ref --sort -committerdate --format %(refname)%00%(objectname)%00%(*objectname) [3ms]
2026-07-20 23:50:36.614 [info] > git status -z -uall [18ms]
2026-07-20 23:50:41.634 [info] > git config --get commit.template [9ms]
2026-07-20 23:50:41.635 [info] > git for-each-ref --format=%(refname)%00%(upstream:short)%00%(objectname)%00%(upstream:track)%00%(upstream:remotename)%00%(upstream:remoteref) refs/heads/main refs/remotes/main [2ms]
2026-07-20 23:50:41.655 [info] > git for-each-ref --sort -committerdate --format %(refname)%00%(objectname)%00%(*objectname) [2ms]
2026-07-20 23:50:41.664 [info] > git status -z -uall [19ms]
2026-07-20 23:50:46.678 [info] > git config --get commit.template [3ms]
2026-07-20 23:50:46.687 [info] > git for-each-ref --format=%(refname)%00%(upstream:short)%00%(objectname)%00%(upstream:track)%00%(upstream:remotename)%00%(upstream:remoteref) refs/heads/main refs/remotes/main [2ms]
2026-07-20 23:50:46.706 [info] > git for-each-ref --sort -committerdate --format %(refname)%00%(objectname)%00%(*objectname) [2ms]
2026-07-20 23:50:46.713 [info] > git status -z -uall [18ms]
2026-07-20 23:50:51.734 [info] > git config --get commit.template [9ms]
2026-07-20 23:50:51.735 [info] > git for-each-ref --format=%(refname)%00%(upstream:short)%00%(objectname)%00%(upstream:track)%00%(upstream:remotename)%00%(upstream:remoteref) refs/heads/main refs/remotes/main [2ms]
2026-07-20 23:50:51.753 [info] > git for-each-ref --sort -committerdate --format %(refname)%00%(objectname)%00%(*objectname) [2ms]
2026-07-20 23:50:51.761 [info] > git status -z -uall [17ms]
2026-07-20 23:50:56.780 [info] > git config --get commit.template [8ms]
2026-07-20 23:50:56.782 [info] > git for-each-ref --format=%(refname)%00%(upstream:short)%00%(objectname)%00%(upstream:track)%00%(upstream:remotename)%00%(upstream:remoteref) refs/heads/main refs/remotes/main [2ms]
2026-07-20 23:50:56.800 [info] > git for-each-ref --sort -committerdate --format %(refname)%00%(objectname)%00%(*objectname) [3ms]
2026-07-20 23:50:56.807 [info] > git status -z -uall [17ms]
2026-07-20 23:51:01.828 [info] > git config --get commit.template [8ms]
2026-07-20 23:51:01.829 [info] > git for-each-ref --format=%(refname)%00%(upstream:short)%00%(objectname)%00%(upstream:track)%00%(upstream:remotename)%00%(upstream:remoteref) refs/heads/main refs/remotes/main [2ms]
2026-07-20 23:51:01.849 [info] > git for-each-ref --sort -committerdate --format %(refname)%00%(objectname)%00%(*objectname) [2ms]
2026-07-20 23:51:01.856 [info] > git status -z -uall [18ms]
2026-07-20 23:51:06.874 [info] > git config --get commit.template [4ms]
2026-07-20 23:51:06.885 [info] > git for-each-ref --format=%(refname)%00%(upstream:short)%00%(objectname)%00%(upstream:track)%00%(upstream:remotename)%00%(upstream:remoteref) refs/heads/main refs/remotes/main [2ms]
2026-07-20 23:51:06.908 [info] > git for-each-ref --sort -committerdate --format %(refname)%00%(objectname)%00%(*objectname) [2ms]
2026-07-20 23:51:06.909 [info] > git status -z -uall [14ms]
2026-07-20 23:51:07.048 [info] > git for-each-ref --sort -committerdate --format %(refname)%00%(objectname)%00%(*objectname) [3ms]
2026-07-20 23:51:07.368 [info] > git log --format=%H%n%aN%n%aE%n%at%n%ct%n%P%n%D%n%B -z --shortstat --diff-merges=first-parent -n50 --skip=0 --topo-order --decorate=full --stdin [251ms]
2026-07-20 23:51:11.926 [info] > git config --get commit.template [3ms]
2026-07-20 23:51:11.936 [info] > git for-each-ref --format=%(refname)%00%(upstream:short)%00%(objectname)%00%(upstream:track)%00%(upstream:remotename)%00%(upstream:remoteref) refs/heads/main refs/remotes/main [2ms]
2026-07-20 23:51:11.954 [info] > git for-each-ref --sort -committerdate --format %(refname)%00%(objectname)%00%(*objectname) [2ms]
2026-07-20 23:51:11.957 [info] > git status -z -uall [13ms]
2026-07-20 23:51:16.976 [info] > git config --get commit.template [8ms]
2026-07-20 23:51:16.977 [info] > git for-each-ref --format=%(refname)%00%(upstream:short)%00%(objectname)%00%(upstream:track)%00%(upstream:remotename)%00%(upstream:remoteref) refs/heads/main refs/remotes/main [1ms]
2026-07-20 23:51:16.995 [info] > git for-each-ref --sort -committerdate --format %(refname)%00%(objectname)%00%(*objectname) [3ms]
2026-07-20 23:51:16.999 [info] > git status -z -uall [13ms]
2026-07-20 23:51:22.018 [info] > git config --get commit.template [9ms]
2026-07-20 23:51:22.020 [info] > git for-each-ref --format=%(refname)%00%(upstream:short)%00%(objectname)%00%(upstream:track)%00%(upstream:remotename)%00%(upstream:remoteref) refs/heads/main refs/remotes/main [3ms]
2026-07-20 23:51:22.038 [info] > git for-each-ref --sort -committerdate --format %(refname)%00%(objectname)%00%(*objectname) [2ms]
2026-07-20 23:51:22.041 [info] > git status -z -uall [13ms]
2026-07-20 23:51:27.061 [info] > git config --get commit.template [9ms]
2026-07-20 23:51:27.062 [info] > git for-each-ref --format=%(refname)%00%(upstream:short)%00%(objectname)%00%(upstream:track)%00%(upstream:remotename)%00%(upstream:remoteref) refs/heads/main refs/remotes/main [2ms]
2026-07-20 23:51:27.082 [info] > git for-each-ref --sort -committerdate --format %(refname)%00%(objectname)%00%(*objectname) [3ms]
2026-07-20 23:51:27.087 [info] > git status -z -uall [17ms]
2026-07-20 23:51:32.108 [info] > git config --get commit.template [10ms]
2026-07-20 23:51:32.109 [info] > git for-each-ref --format=%(refname)%00%(upstream:short)%00%(objectname)%00%(upstream:track)%00%(upstream:remotename)%00%(upstream:remoteref) refs/heads/main refs/remotes/main [2ms]
2026-07-20 23:51:32.129 [info] > git for-each-ref --sort -committerdate --format %(refname)%00%(objectname)%00%(*objectname) [2ms]
2026-07-20 23:51:32.132 [info] > git status -z -uall [14ms]
2026-07-20 23:51:37.152 [info] > git config --get commit.template [8ms]
2026-07-20 23:51:37.153 [info] > git for-each-ref --format=%(refname)%00%(upstream:short)%00%(objectname)%00%(upstream:track)%00%(upstream:remotename)%00%(upstream:remoteref) refs/heads/main refs/remotes/main [2ms]
2026-07-20 23:51:37.171 [info] > git for-each-ref --sort -committerdate --format %(refname)%00%(objectname)%00%(*objectname) [3ms]
2026-07-20 23:51:37.174 [info] > git status -z -uall [13ms]
2026-07-20 23:51:42.193 [info] > git config --get commit.template [8ms]
2026-07-20 23:51:42.194 [info] > git for-each-ref --format=%(refname)%00%(upstream:short)%00%(objectname)%00%(upstream:track)%00%(upstream:remotename)%00%(upstream:remoteref) refs/heads/main refs/remotes/main [2ms]
2026-07-20 23:51:42.212 [info] > git for-each-ref --sort -committerdate --format %(refname)%00%(objectname)%00%(*objectname) [2ms]
2026-07-20 23:51:42.216 [info] > git status -z -uall [14ms]
2026-07-20 23:51:47.236 [info] > git config --get commit.template [9ms]
2026-07-20 23:51:47.237 [info] > git for-each-ref --format=%(refname)%00%(upstream:short)%00%(objectname)%00%(upstream:track)%00%(upstream:remotename)%00%(upstream:remoteref) refs/heads/main refs/remotes/main [2ms]
2026-07-20 23:51:47.256 [info] > git for-each-ref --sort -committerdate --format %(refname)%00%(objectname)%00%(*objectname) [3ms]
2026-07-20 23:51:47.260 [info] > git status -z -uall [14ms]
2026-07-20 23:51:52.273 [info] > git config --get commit.template [3ms]
2026-07-20 23:51:52.282 [info] > git for-each-ref --format=%(refname)%00%(upstream:short)%00%(objectname)%00%(upstream:track)%00%(upstream:remotename)%00%(upstream:remoteref) refs/heads/main refs/remotes/main [2ms]
2026-07-20 23:51:52.300 [info] > git for-each-ref --sort -committerdate --format %(refname)%00%(objectname)%00%(*objectname) [2ms]
2026-07-20 23:51:52.304 [info] > git status -z -uall [15ms]
2026-07-20 23:51:57.325 [info] > git config --get commit.template [9ms]
2026-07-20 23:51:57.326 [info] > git for-each-ref --format=%(refname)%00%(upstream:short)%00%(objectname)%00%(upstream:track)%00%(upstream:remotename)%00%(upstream:remoteref) refs/heads/main refs/remotes/main [2ms]
2026-07-20 23:51:57.346 [info] > git for-each-ref --sort -committerdate --format %(refname)%00%(objectname)%00%(*objectname) [3ms]
2026-07-20 23:51:57.350 [info] > git status -z -uall [15ms]
2026-07-20 23:52:02.370 [info] > git config --get commit.template [8ms]
2026-07-20 23:52:02.371 [info] > git for-each-ref --format=%(refname)%00%(upstream:short)%00%(objectname)%00%(upstream:track)%00%(upstream:remotename)%00%(upstream:remoteref) refs/heads/main refs/remotes/main [2ms]
2026-07-20 23:52:02.389 [info] > git for-each-ref --sort -committerdate --format %(refname)%00%(objectname)%00%(*objectname) [2ms]
2026-07-20 23:52:02.393 [info] > git status -z -uall [14ms]
2026-07-20 23:52:07.418 [info] > git config --get commit.template [12ms]
2026-07-20 23:52:07.419 [info] > git for-each-ref --format=%(refname)%00%(upstream:short)%00%(objectname)%00%(upstream:track)%00%(upstream:remotename)%00%(upstream:remoteref) refs/heads/main refs/remotes/main [2ms]
2026-07-20 23:52:07.444 [info] > git for-each-ref --sort -committerdate --format %(refname)%00%(objectname)%00%(*objectname) [4ms]
2026-07-20 23:52:07.446 [info] > git status -z -uall [16ms]
2026-07-20 23:52:12.467 [info] > git config --get commit.template [10ms]
2026-07-20 23:52:12.468 [info] > git for-each-ref --format=%(refname)%00%(upstream:short)%00%(objectname)%00%(upstream:track)%00%(upstream:remotename)%00%(upstream:remoteref) refs/heads/main refs/remotes/main [2ms]
2026-07-20 23:52:12.487 [info] > git for-each-ref --sort -committerdate --format %(refname)%00%(objectname)%00%(*objectname) [3ms]
2026-07-20 23:52:12.491 [info] > git status -z -uall [15ms]
2026-07-20 23:52:17.510 [info] > git config --get commit.template [9ms]
2026-07-20 23:52:17.511 [info] > git for-each-ref --format=%(refname)%00%(upstream:short)%00%(objectname)%00%(upstream:track)%00%(upstream:remotename)%00%(upstream:remoteref) refs/heads/main refs/remotes/main [2ms]
2026-07-20 23:52:17.530 [info] > git for-each-ref --sort -committerdate --format %(refname)%00%(objectname)%00%(*objectname) [3ms]
2026-07-20 23:52:17.533 [info] > git status -z -uall [14ms]
2026-07-20 23:52:22.551 [info] > git config --get commit.template [9ms]
2026-07-20 23:52:22.552 [info] > git for-each-ref --format=%(refname)%00%(upstream:short)%00%(objectname)%00%(upstream:track)%00%(upstream:remotename)%00%(upstream:remoteref) refs/heads/main refs/remotes/main [2ms]
2026-07-20 23:52:22.571 [info] > git for-each-ref --sort -committerdate --format %(refname)%00%(objectname)%00%(*objectname) [3ms]
2026-07-20 23:52:22.575 [info] > git status -z -uall [14ms]
2026-07-20 23:52:27.598 [info] > git config --get commit.template [10ms]
2026-07-20 23:52:27.598 [info] > git for-each-ref --format=%(refname)%00%(upstream:short)%00%(objectname)%00%(upstream:track)%00%(upstream:remotename)%00%(upstream:remoteref) refs/heads/main refs/remotes/main [3ms]
2026-07-20 23:52:27.617 [info] > git for-each-ref --sort -committerdate --format %(refname)%00%(objectname)%00%(*objectname) [2ms]
2026-07-20 23:52:27.621 [info] > git status -z -uall [14ms]
2026-07-20 23:52:32.646 [info] > git config --get commit.template [11ms]
2026-07-20 23:52:32.647 [info] > git for-each-ref --format=%(refname)%00%(upstream:short)%00%(objectname)%00%(upstream:track)%00%(upstream:remotename)%00%(upstream:remoteref) refs/heads/main refs/remotes/main [3ms]
2026-07-20 23:52:32.671 [info] > git for-each-ref --sort -committerdate --format %(refname)%00%(objectname)%00%(*objectname) [3ms]
2026-07-20 23:52:32.675 [info] > git status -z -uall [16ms]
2026-07-20 23:52:37.691 [info] > git config --get commit.template [4ms]
2026-07-20 23:52:37.703 [info] > git for-each-ref --format=%(refname)%00%(upstream:short)%00%(objectname)%00%(upstream:track)%00%(upstream:remotename)%00%(upstream:remoteref) refs/heads/main refs/remotes/main [2ms]
2026-07-20 23:52:37.725 [info] > git for-each-ref --sort -committerdate --format %(refname)%00%(objectname)%00%(*objectname) [3ms]
2026-07-20 23:52:37.728 [info] > git status -z -uall [15ms]
2026-07-20 23:52:42.748 [info] > git config --get commit.template [9ms]
2026-07-20 23:52:42.749 [info] > git for-each-ref --format=%(refname)%00%(upstream:short)%00%(objectname)%00%(upstream:track)%00%(upstream:remotename)%00%(upstream:remoteref) refs/heads/main refs/remotes/main [2ms]
2026-07-20 23:52:42.767 [info] > git for-each-ref --sort -committerdate --format %(refname)%00%(objectname)%00%(*objectname) [2ms]
2026-07-20 23:52:42.772 [info] > git status -z -uall [14ms]
2026-07-20 23:52:47.793 [info] > git config --get commit.template [9ms]
2026-07-20 23:52:47.794 [info] > git for-each-ref --format=%(refname)%00%(upstream:short)%00%(objectname)%00%(upstream:track)%00%(upstream:remotename)%00%(upstream:remoteref) refs/heads/main refs/remotes/main [2ms]
2026-07-20 23:52:47.812 [info] > git for-each-ref --sort -committerdate --format %(refname)%00%(objectname)%00%(*objectname) [2ms]
2026-07-20 23:52:47.815 [info] > git status -z -uall [13ms]
2026-07-20 23:52:52.835 [info] > git config --get commit.template [8ms]
2026-07-20 23:52:52.837 [info] > git for-each-ref --format=%(refname)%00%(upstream:short)%00%(objectname)%00%(upstream:track)%00%(upstream:remotename)%00%(upstream:remoteref) refs/heads/main refs/remotes/main [3ms]
2026-07-20 23:52:52.856 [info] > git for-each-ref --sort -committerdate --format %(refname)%00%(objectname)%00%(*objectname) [2ms]
2026-07-20 23:52:52.860 [info] > git status -z -uall [15ms]
2026-07-20 23:52:57.879 [info] > git config --get commit.template [9ms]
2026-07-20 23:52:57.880 [info] > git for-each-ref --format=%(refname)%00%(upstream:short)%00%(objectname)%00%(upstream:track)%00%(upstream:remotename)%00%(upstream:remoteref) refs/heads/main refs/remotes/main [2ms]
2026-07-20 23:52:57.898 [info] > git for-each-ref --sort -committerdate --format %(refname)%00%(objectname)%00%(*objectname) [3ms]
2026-07-20 23:52:57.901 [info] > git status -z -uall [13ms]
2026-07-20 23:53:02.914 [info] > git config --get commit.template [3ms]
2026-07-20 23:53:02.923 [info] > git for-each-ref --format=%(refname)%00%(upstream:short)%00%(objectname)%00%(upstream:track)%00%(upstream:remotename)%00%(upstream:remoteref) refs/heads/main refs/remotes/main [1ms]
2026-07-20 23:53:02.941 [info] > git for-each-ref --sort -committerdate --format %(refname)%00%(objectname)%00%(*objectname) [2ms]
2026-07-20 23:53:02.945 [info] > git status -z -uall [14ms]
2026-07-20 23:53:07.964 [info] > git config --get commit.template [9ms]
2026-07-20 23:53:07.966 [info] > git for-each-ref --format=%(refname)%00%(upstream:short)%00%(objectname)%00%(upstream:track)%00%(upstream:remotename)%00%(upstream:remoteref) refs/heads/main refs/remotes/main [2ms]
2026-07-20 23:53:07.983 [info] > git for-each-ref --sort -committerdate --format %(refname)%00%(objectname)%00%(*objectname) [2ms]
2026-07-20 23:53:07.987 [info] > git status -z -uall [13ms]
2026-07-20 23:53:13.003 [info] > git config --get commit.template [3ms]
2026-07-20 23:53:13.016 [info] > git for-each-ref --format=%(refname)%00%(upstream:short)%00%(objectname)%00%(upstream:track)%00%(upstream:remotename)%00%(upstream:remoteref) refs/heads/main refs/remotes/main [3ms]
2026-07-20 23:53:13.038 [info] > git for-each-ref --sort -committerdate --format %(refname)%00%(objectname)%00%(*objectname) [3ms]
2026-07-20 23:53:13.041 [info] > git status -z -uall [16ms]
2026-07-20 23:53:18.069 [info] > git config --get commit.template [12ms]
2026-07-20 23:53:18.070 [info] > git for-each-ref --format=%(refname)%00%(upstream:short)%00%(objectname)%00%(upstream:track)%00%(upstream:remotename)%00%(upstream:remoteref) refs/heads/main refs/remotes/main [3ms]
2026-07-20 23:53:18.093 [info] > git for-each-ref --sort -committerdate --format %(refname)%00%(objectname)%00%(*objectname) [2ms]
2026-07-20 23:53:18.097 [info] > git status -z -uall [16ms]
2026-07-20 23:53:23.112 [info] > git config --get commit.template [3ms]
2026-07-20 23:53:23.121 [info] > git for-each-ref --format=%(refname)%00%(upstream:short)%00%(objectname)%00%(upstream:track)%00%(upstream:remotename)%00%(upstream:remoteref) refs/heads/main refs/remotes/main [2ms]
2026-07-20 23:53:23.138 [info] > git for-each-ref --sort -committerdate --format %(refname)%00%(objectname)%00%(*objectname) [2ms]
2026-07-20 23:53:23.143 [info] > git status -z -uall [15ms]
2026-07-20 23:53:28.163 [info] > git config --get commit.template [9ms]
2026-07-20 23:53:28.164 [info] > git for-each-ref --format=%(refname)%00%(upstream:short)%00%(objectname)%00%(upstream:track)%00%(upstream:remotename)%00%(upstream:remoteref) refs/heads/main refs/remotes/main [2ms]
2026-07-20 23:53:28.182 [info] > git for-each-ref --sort -committerdate --format %(refname)%00%(objectname)%00%(*objectname) [2ms]
2026-07-20 23:53:28.186 [info] > git status -z -uall [14ms]
2026-07-20 23:53:33.205 [info] > git config --get commit.template [9ms]
2026-07-20 23:53:33.207 [info] > git for-each-ref --format=%(refname)%00%(upstream:short)%00%(objectname)%00%(upstream:track)%00%(upstream:remotename)%00%(upstream:remoteref) refs/heads/main refs/remotes/main [2ms]
2026-07-20 23:53:33.225 [info] > git for-each-ref --sort -committerdate --format %(refname)%00%(objectname)%00%(*objectname) [2ms]
2026-07-20 23:53:33.230 [info] > git status -z -uall [15ms]
2026-07-20 23:53:38.250 [info] > git config --get commit.template [9ms]
2026-07-20 23:53:38.251 [info] > git for-each-ref --format=%(refname)%00%(upstream:short)%00%(objectname)%00%(upstream:track)%00%(upstream:remotename)%00%(upstream:remoteref) refs/heads/main refs/remotes/main [2ms]
2026-07-20 23:53:38.269 [info] > git for-each-ref --sort -committerdate --format %(refname)%00%(objectname)%00%(*objectname) [2ms]
2026-07-20 23:53:38.273 [info] > git status -z -uall [13ms]
2026-07-20 23:53:43.293 [info] > git config --get commit.template [9ms]
2026-07-20 23:53:43.295 [info] > git for-each-ref --format=%(refname)%00%(upstream:short)%00%(objectname)%00%(upstream:track)%00%(upstream:remotename)%00%(upstream:remoteref) refs/heads/main refs/remotes/main [3ms]
2026-07-20 23:53:43.313 [info] > git for-each-ref --sort -committerdate --format %(refname)%00%(objectname)%00%(*objectname) [2ms]
2026-07-20 23:53:43.317 [info] > git status -z -uall [14ms]
2026-07-20 23:53:48.337 [info] > git config --get commit.template [10ms]
2026-07-20 23:53:48.338 [info] > git for-each-ref --format=%(refname)%00%(upstream:short)%00%(objectname)%00%(upstream:track)%00%(upstream:remotename)%00%(upstream:remoteref) refs/heads/main refs/remotes/main [2ms]
2026-07-20 23:53:48.357 [info] > git for-each-ref --sort -committerdate --format %(refname)%00%(objectname)%00%(*objectname) [2ms]
2026-07-20 23:53:48.361 [info] > git status -z -uall [14ms]
2026-07-20 23:53:53.381 [info] > git config --get commit.template [10ms]
2026-07-20 23:53:53.382 [info] > git for-each-ref --format=%(refname)%00%(upstream:short)%00%(objectname)%00%(upstream:track)%00%(upstream:remotename)%00%(upstream:remoteref) refs/heads/main refs/remotes/main [2ms]
2026-07-20 23:53:53.400 [info] > git for-each-ref --sort -committerdate --format %(refname)%00%(objectname)%00%(*objectname) [2ms]
2026-07-20 23:53:53.403 [info] > git status -z -uall [13ms]
2026-07-20 23:54:40.033 [info] > git ls-tree -l 89e3287994c235d579e192a71b4ce446c656057b -- .codeoss/data/logs/20260720T205625/exthost5/output_logging_20260720T215622/11-Cloud Code Yaml Support.log [19ms]
2026-07-20 23:54:40.033 [info] > git ls-tree -l 89e3287994c235d579e192a71b4ce446c656057b -- .codeoss/data/logs/20260720T205625/exthost5/output_logging_20260720T215622/10-Apigee.log [27ms]
2026-07-20 23:54:40.034 [info] > git ls-tree -l 89e3287994c235d579e192a71b4ce446c656057b -- .codeoss/data/logs/20260720T205625/exthost5/output_logging_20260720T215622/1-Jupyter.log [36ms]
2026-07-20 23:54:40.034 [info] > git ls-tree -l 89e3287994c235d579e192a71b4ce446c656057b -- .bash_history [44ms]
2026-07-20 23:54:40.034 [info] > git ls-tree -l b2376e020d81bb0b1b79ffeed213152b134304ad -- .bash_history [51ms]
2026-07-20 23:54:40.037 [info] > git config --get commit.template [5ms]
2026-07-20 23:54:40.037 [info] > git ls-tree -l 89e3287994c235d579e192a71b4ce446c656057b -- .codeoss/data/logs/20260720T205625/exthost5/output_logging_20260720T215622/12-Gemini Code Assist Agent.log [15ms]
2026-07-20 23:54:40.046 [info] > git for-each-ref --format=%(refname)%00%(upstream:short)%00%(objectname)%00%(upstream:track)%00%(upstream:remotename)%00%(upstream:remoteref) refs/heads/main refs/remotes/main [2ms]
2026-07-20 23:54:40.063 [info] > git for-each-ref --sort -committerdate --format %(refname)%00%(objectname)%00%(*objectname) [2ms]
2026-07-20 23:54:40.067 [info] > git status -z -uall [13ms]
2026-07-20 23:54:45.081 [info] > git config --get commit.template [3ms]
2026-07-20 23:54:45.091 [info] > git for-each-ref --format=%(refname)%00%(upstream:short)%00%(objectname)%00%(upstream:track)%00%(upstream:remotename)%00%(upstream:remoteref) refs/heads/main refs/remotes/main [2ms]
2026-07-20 23:54:45.108 [info] > git for-each-ref --sort -committerdate --format %(refname)%00%(objectname)%00%(*objectname) [2ms]
2026-07-20 23:54:45.112 [info] > git status -z -uall [14ms]
2026-07-20 23:54:50.133 [info] > git config --get commit.template [9ms]
2026-07-20 23:54:50.135 [info] > git for-each-ref --format=%(refname)%00%(upstream:short)%00%(objectname)%00%(upstream:track)%00%(upstream:remotename)%00%(upstream:remoteref) refs/heads/main refs/remotes/main [3ms]
2026-07-20 23:54:50.154 [info] > git for-each-ref --sort -committerdate --format %(refname)%00%(objectname)%00%(*objectname) [3ms]
2026-07-20 23:54:50.158 [info] > git status -z -uall [15ms]
2026-07-20 23:54:55.182 [info] > git config --get commit.template [11ms]
2026-07-20 23:54:55.183 [info] > git for-each-ref --format=%(refname)%00%(upstream:short)%00%(objectname)%00%(upstream:track)%00%(upstream:remotename)%00%(upstream:remoteref) refs/heads/main refs/remotes/main [2ms]
2026-07-20 23:54:55.208 [info] > git for-each-ref --sort -committerdate --format %(refname)%00%(objectname)%00%(*objectname) [3ms]
2026-07-20 23:54:55.210 [info] > git status -z -uall [17ms]
2026-07-20 23:55:00.231 [info] > git config --get commit.template [9ms]
2026-07-20 23:55:00.232 [info] > git for-each-ref --format=%(refname)%00%(upstream:short)%00%(objectname)%00%(upstream:track)%00%(upstream:remotename)%00%(upstream:remoteref) refs/heads/main refs/remotes/main [2ms]
2026-07-20 23:55:00.251 [info] > git for-each-ref --sort -committerdate --format %(refname)%00%(objectname)%00%(*objectname) [3ms]
2026-07-20 23:55:00.254 [info] > git status -z -uall [14ms]
2026-07-20 23:55:05.275 [info] > git config --get commit.template [10ms]
2026-07-20 23:55:05.276 [info] > git for-each-ref --format=%(refname)%00%(upstream:short)%00%(objectname)%00%(upstream:track)%00%(upstream:remotename)%00%(upstream:remoteref) refs/heads/main refs/remotes/main [2ms]
2026-07-20 23:55:05.294 [info] > git for-each-ref --sort -committerdate --format %(refname)%00%(objectname)%00%(*objectname) [2ms]
2026-07-20 23:55:05.298 [info] > git status -z -uall [14ms]
2026-07-20 23:55:10.322 [info] > git for-each-ref --format=%(refname)%00%(upstream:short)%00%(objectname)%00%(upstream:track)%00%(upstream:remotename)%00%(upstream:remoteref) refs/heads/main refs/remotes/main [2ms]
2026-07-20 23:55:10.323 [info] > git config --get commit.template [11ms]
2026-07-20 23:55:10.343 [info] > git for-each-ref --sort -committerdate --format %(refname)%00%(objectname)%00%(*objectname) [2ms]
2026-07-20 23:55:10.347 [info] > git status -z -uall [15ms]
2026-07-20 23:55:15.367 [info] > git config --get commit.template [9ms]
2026-07-20 23:55:15.368 [info] > git for-each-ref --format=%(refname)%00%(upstream:short)%00%(objectname)%00%(upstream:track)%00%(upstream:remotename)%00%(upstream:remoteref) refs/heads/main refs/remotes/main [2ms]
2026-07-20 23:55:15.387 [info] > git for-each-ref --sort -committerdate --format %(refname)%00%(objectname)%00%(*objectname) [3ms]
2026-07-20 23:55:15.391 [info] > git status -z -uall [14ms]
2026-07-20 23:55:20.411 [info] > git config --get commit.template [9ms]
2026-07-20 23:55:20.412 [info] > git for-each-ref --format=%(refname)%00%(upstream:short)%00%(objectname)%00%(upstream:track)%00%(upstream:remotename)%00%(upstream:remoteref) refs/heads/main refs/remotes/main [2ms]
2026-07-20 23:55:20.431 [info] > git for-each-ref --sort -committerdate --format %(refname)%00%(objectname)%00%(*objectname) [2ms]
2026-07-20 23:55:20.435 [info] > git status -z -uall [14ms]
2026-07-20 23:55:25.453 [info] > git config --get commit.template [4ms]
2026-07-20 23:55:25.465 [info] > git for-each-ref --format=%(refname)%00%(upstream:short)%00%(objectname)%00%(upstream:track)%00%(upstream:remotename)%00%(upstream:remoteref) refs/heads/main refs/remotes/main [2ms]
2026-07-20 23:55:25.488 [info] > git for-each-ref --sort -committerdate --format %(refname)%00%(objectname)%00%(*objectname) [2ms]
2026-07-20 23:55:25.491 [info] > git status -z -uall [15ms]
2026-07-20 23:55:30.513 [info] > git config --get commit.template [9ms]
2026-07-20 23:55:30.514 [info] > git for-each-ref --format=%(refname)%00%(upstream:short)%00%(objectname)%00%(upstream:track)%00%(upstream:remotename)%00%(upstream:remoteref) refs/heads/main refs/remotes/main [2ms]
2026-07-20 23:55:30.533 [info] > git for-each-ref --sort -committerdate --format %(refname)%00%(objectname)%00%(*objectname) [3ms]
2026-07-20 23:55:30.536 [info] > git status -z -uall [14ms]
2026-07-20 23:55:35.558 [info] > git config --get commit.template [9ms]
2026-07-20 23:55:35.559 [info] > git for-each-ref --format=%(refname)%00%(upstream:short)%00%(objectname)%00%(upstream:track)%00%(upstream:remotename)%00%(upstream:remoteref) refs/heads/main refs/remotes/main [3ms]
2026-07-20 23:55:35.577 [info] > git for-each-ref --sort -committerdate --format %(refname)%00%(objectname)%00%(*objectname) [2ms]
2026-07-20 23:55:35.582 [info] > git status -z -uall [14ms]
2026-07-20 23:55:40.602 [info] > git config --get commit.template [9ms]
2026-07-20 23:55:40.603 [info] > git for-each-ref --format=%(refname)%00%(upstream:short)%00%(objectname)%00%(upstream:track)%00%(upstream:remotename)%00%(upstream:remoteref) refs/heads/main refs/remotes/main [2ms]
2026-07-20 23:55:40.623 [info] > git for-each-ref --sort -committerdate --format %(refname)%00%(objectname)%00%(*objectname) [4ms]
2026-07-20 23:55:40.626 [info] > git status -z -uall [15ms]
2026-07-20 23:55:45.646 [info] > git config --get commit.template [9ms]
2026-07-20 23:55:45.647 [info] > git for-each-ref --format=%(refname)%00%(upstream:short)%00%(objectname)%00%(upstream:track)%00%(upstream:remotename)%00%(upstream:remoteref) refs/heads/main refs/remotes/main [2ms]
2026-07-20 23:55:45.666 [info] > git for-each-ref --sort -committerdate --format %(refname)%00%(objectname)%00%(*objectname) [3ms]
2026-07-20 23:55:45.670 [info] > git status -z -uall [15ms]
2026-07-20 23:55:50.684 [info] > git config --get commit.template [3ms]
2026-07-20 23:55:50.694 [info] > git for-each-ref --format=%(refname)%00%(upstream:short)%00%(objectname)%00%(upstream:track)%00%(upstream:remotename)%00%(upstream:remoteref) refs/heads/main refs/remotes/main [2ms]
2026-07-20 23:55:50.711 [info] > git for-each-ref --sort -committerdate --format %(refname)%00%(objectname)%00%(*objectname) [2ms]
2026-07-20 23:55:50.714 [info] > git status -z -uall [13ms]
2026-07-20 23:55:55.734 [info] > git config --get commit.template [9ms]
2026-07-20 23:55:55.735 [info] > git for-each-ref --format=%(refname)%00%(upstream:short)%00%(objectname)%00%(upstream:track)%00%(upstream:remotename)%00%(upstream:remoteref) refs/heads/main refs/remotes/main [2ms]
2026-07-20 23:55:55.754 [info] > git for-each-ref --sort -committerdate --format %(refname)%00%(objectname)%00%(*objectname) [2ms]
2026-07-20 23:55:55.757 [info] > git status -z -uall [13ms]
2026-07-20 23:56:00.778 [info] > git config --get commit.template [9ms]
2026-07-20 23:56:00.779 [info] > git for-each-ref --format=%(refname)%00%(upstream:short)%00%(objectname)%00%(upstream:track)%00%(upstream:remotename)%00%(upstream:remoteref) refs/heads/main refs/remotes/main [2ms]
2026-07-20 23:56:00.797 [info] > git for-each-ref --sort -committerdate --format %(refname)%00%(objectname)%00%(*objectname) [2ms]
2026-07-20 23:56:00.801 [info] > git status -z -uall [14ms]
2026-07-20 23:56:05.821 [info] > git config --get commit.template [9ms]
2026-07-20 23:56:05.822 [info] > git for-each-ref --format=%(refname)%00%(upstream:short)%00%(objectname)%00%(upstream:track)%00%(upstream:remotename)%00%(upstream:remoteref) refs/heads/main refs/remotes/main [2ms]
2026-07-20 23:56:05.840 [info] > git for-each-ref --sort -committerdate --format %(refname)%00%(objectname)%00%(*objectname) [3ms]
2026-07-20 23:56:05.844 [info] > git status -z -uall [13ms]
2026-07-20 23:56:10.863 [info] > git config --get commit.template [9ms]
2026-07-20 23:56:10.865 [info] > git for-each-ref --format=%(refname)%00%(upstream:short)%00%(objectname)%00%(upstream:track)%00%(upstream:remotename)%00%(upstream:remoteref) refs/heads/main refs/remotes/main [1ms]
2026-07-20 23:56:10.883 [info] > git for-each-ref --sort -committerdate --format %(refname)%00%(objectname)%00%(*objectname) [2ms]
2026-07-20 23:56:10.886 [info] > git status -z -uall [13ms]
2026-07-20 23:56:15.905 [info] > git config --get commit.template [8ms]
2026-07-20 23:56:15.906 [info] > git for-each-ref --format=%(refname)%00%(upstream:short)%00%(objectname)%00%(upstream:track)%00%(upstream:remotename)%00%(upstream:remoteref) refs/heads/main refs/remotes/main [2ms]
2026-07-20 23:56:15.924 [info] > git for-each-ref --sort -committerdate --format %(refname)%00%(objectname)%00%(*objectname) [3ms]
2026-07-20 23:56:15.927 [info] > git status -z -uall [13ms]
2026-07-20 23:56:20.948 [info] > git config --get commit.template [9ms]
2026-07-20 23:56:20.949 [info] > git for-each-ref --format=%(refname)%00%(upstream:short)%00%(objectname)%00%(upstream:track)%00%(upstream:remotename)%00%(upstream:remoteref) refs/heads/main refs/remotes/main [2ms]
2026-07-20 23:56:20.967 [info] > git for-each-ref --sort -committerdate --format %(refname)%00%(objectname)%00%(*objectname) [2ms]
2026-07-20 23:56:20.971 [info] > git status -z -uall [14ms]
2026-07-20 23:56:25.992 [info] > git for-each-ref --format=%(refname)%00%(upstream:short)%00%(objectname)%00%(upstream:track)%00%(upstream:remotename)%00%(upstream:remoteref) refs/heads/main refs/remotes/main [2ms]
2026-07-20 23:56:25.992 [info] > git config --get commit.template [10ms]
2026-07-20 23:56:26.012 [info] > git for-each-ref --sort -committerdate --format %(refname)%00%(objectname)%00%(*objectname) [2ms]
2026-07-20 23:56:26.016 [info] > git status -z -uall [14ms]
2026-07-20 23:56:31.035 [info] > git config --get commit.template [9ms]
2026-07-20 23:56:31.036 [info] > git for-each-ref --format=%(refname)%00%(upstream:short)%00%(objectname)%00%(upstream:track)%00%(upstream:remotename)%00%(upstream:remoteref) refs/heads/main refs/remotes/main [2ms]
2026-07-20 23:56:31.056 [info] > git for-each-ref --sort -committerdate --format %(refname)%00%(objectname)%00%(*objectname) [3ms]
2026-07-20 23:56:31.060 [info] > git status -z -uall [14ms]
2026-07-20 23:56:36.079 [info] > git config --get commit.template [9ms]
2026-07-20 23:56:36.080 [info] > git for-each-ref --format=%(refname)%00%(upstream:short)%00%(objectname)%00%(upstream:track)%00%(upstream:remotename)%00%(upstream:remoteref) refs/heads/main refs/remotes/main [2ms]
2026-07-20 23:56:36.098 [info] > git for-each-ref --sort -committerdate --format %(refname)%00%(objectname)%00%(*objectname) [2ms]
2026-07-20 23:56:36.102 [info] > git status -z -uall [13ms]
2026-07-20 23:56:41.121 [info] > git config --get commit.template [9ms]
2026-07-20 23:56:41.122 [info] > git for-each-ref --format=%(refname)%00%(upstream:short)%00%(objectname)%00%(upstream:track)%00%(upstream:remotename)%00%(upstream:remoteref) refs/heads/main refs/remotes/main [2ms]
2026-07-20 23:56:41.142 [info] > git for-each-ref --sort -committerdate --format %(refname)%00%(objectname)%00%(*objectname) [2ms]
2026-07-20 23:56:41.146 [info] > git status -z -uall [15ms]
2026-07-20 23:56:46.167 [info] > git config --get commit.template [8ms]
2026-07-20 23:56:46.168 [info] > git for-each-ref --format=%(refname)%00%(upstream:short)%00%(objectname)%00%(upstream:track)%00%(upstream:remotename)%00%(upstream:remoteref) refs/heads/main refs/remotes/main [2ms]
2026-07-20 23:56:46.186 [info] > git for-each-ref --sort -committerdate --format %(refname)%00%(objectname)%00%(*objectname) [2ms]
2026-07-20 23:56:46.190 [info] > git status -z -uall [14ms]
2026-07-20 23:56:51.212 [info] > git for-each-ref --format=%(refname)%00%(upstream:short)%00%(objectname)%00%(upstream:track)%00%(upstream:remotename)%00%(upstream:remoteref) refs/heads/main refs/remotes/main [3ms]
2026-07-20 23:56:51.212 [info] > git config --get commit.template [12ms]
2026-07-20 23:56:51.231 [info] > git for-each-ref --sort -committerdate --format %(refname)%00%(objectname)%00%(*objectname) [2ms]
2026-07-20 23:56:51.235 [info] > git status -z -uall [15ms]
2026-07-20 23:56:53.705 [info] > git for-each-ref --sort -committerdate --format %(refname)%00%(objectname)%00%(*objectname) [2ms]
2026-07-20 23:56:53.997 [info] > git log --format=%H%n%aN%n%aE%n%at%n%ct%n%P%n%D%n%B -z --shortstat --diff-merges=first-parent -n50 --skip=0 --topo-order --decorate=full --stdin [213ms]
2026-07-20 23:57:00.102 [info] > git push -u origin main [5086ms]
2026-07-20 23:57:00.102 [info] remote: Not authorized, missing or invalid basic access authentication header. Please visit https://cloud.google.com/secure-source-manager/docs/troubleshoot#git-https-requests-fail for help troubleshooting authentication failures.
fatal: Authentication failed for 'https://main-instance-159147526315-git.us-central1.sourcemanager.dev/source-root-7076/source-root.git/'
2026-07-20 23:57:00.120 [info] > git config --get commit.template [10ms]
2026-07-20 23:57:00.122 [info] > git for-each-ref --format=%(refname)%00%(upstream:short)%00%(objectname)%00%(upstream:track)%00%(upstream:remotename)%00%(upstream:remoteref) refs/heads/main refs/remotes/main [3ms]
2026-07-20 23:57:00.140 [info] > git for-each-ref --sort -committerdate --format %(refname)%00%(objectname)%00%(*objectname) [3ms]
2026-07-20 23:57:00.144 [info] > git status -z -uall [15ms]
2026-07-20 23:57:00.166 [info] > git config --get commit.template [9ms]
2026-07-20 23:57:00.167 [info] > git for-each-ref --format=%(refname)%00%(upstream:short)%00%(objectname)%00%(upstream:track)%00%(upstream:remotename)%00%(upstream:remoteref) refs/heads/main refs/remotes/main [2ms]
2026-07-20 23:57:00.185 [info] > git for-each-ref --sort -committerdate --format %(refname)%00%(objectname)%00%(*objectname) [2ms]
2026-07-20 23:57:00.189 [info] > git status -z -uall [14ms]
2026-07-20 23:57:06.876 [info] > git config --get commit.template [10ms]
2026-07-20 23:57:06.878 [info] > git for-each-ref --format=%(refname)%00%(upstream:short)%00%(objectname)%00%(upstream:track)%00%(upstream:remotename)%00%(upstream:remoteref) refs/heads/main refs/remotes/main [3ms]
2026-07-20 23:57:06.896 [info] > git for-each-ref --sort -committerdate --format %(refname)%00%(objectname)%00%(*objectname) [3ms]
2026-07-20 23:57:06.899 [info] > git status -z -uall [14ms]
2026-07-20 23:57:11.919 [info] > git config --get commit.template [10ms]
2026-07-20 23:57:11.920 [info] > git for-each-ref --format=%(refname)%00%(upstream:short)%00%(objectname)%00%(upstream:track)%00%(upstream:remotename)%00%(upstream:remoteref) refs/heads/main refs/remotes/main [2ms]
2026-07-20 23:57:11.939 [info] > git for-each-ref --sort -committerdate --format %(refname)%00%(objectname)%00%(*objectname) [2ms]
2026-07-20 23:57:11.943 [info] > git status -z -uall [15ms]
2026-07-20 23:57:14.381 [info] > git show -s --decorate=full --shortstat --format=%H%n%aN%n%aE%n%at%n%ct%n%P%n%D%n%B -z 9eb291d0a41e765968cfbca59696f68897327bd4 -- [21ms]
2026-07-20 23:57:14.411 [info] > git diff --raw --numstat --diff-filter=ADMR -z --find-renames=50% 89e3287994c235d579e192a71b4ce446c656057b...9eb291d0a41e765968cfbca59696f68897327bd4 -- [22ms]
2026-07-20 23:57:15.567 [info] > git show --textconv 9eb291d0a41e765968cfbca59696f68897327bd4:.bash_history [947ms]
2026-07-20 23:57:15.567 [info] > git show --textconv 89e3287994c235d579e192a71b4ce446c656057b:.codeoss/data/User/History/-422a496d/entries.json [939ms]
2026-07-20 23:57:15.567 [info] > git show --textconv 9eb291d0a41e765968cfbca59696f68897327bd4:.codeoss/data/User/History/-422a496d/entries.json [930ms]
2026-07-20 23:57:15.567 [info] > git show --textconv 9eb291d0a41e765968cfbca59696f68897327bd4:.codeoss/data/User/History/-422a496d/j53a.json [922ms]
2026-07-20 23:57:15.567 [info] > git show --textconv 89e3287994c235d579e192a71b4ce446c656057b:.codeoss/data/User/workspaceStorage/4afbe30d/vscode.lock [914ms]
2026-07-20 23:57:15.567 [info] > git show --textconv 9eb291d0a41e765968cfbca59696f68897327bd4:.codeoss/data/User/workspaceStorage/4afbe30d/vscode.lock [906ms]
2026-07-20 23:57:15.567 [info] > git show --textconv 89e3287994c235d579e192a71b4ce446c656057b:.codeoss/data/logs/20260720T205625/exthost4/googlecloudtools.datacloud/Google Cloud Data Agent Kit.log [898ms]
2026-07-20 23:57:15.567 [info] > git show --textconv 9eb291d0a41e765968cfbca59696f68897327bd4:.codeoss/data/logs/20260720T205625/exthost4/googlecloudtools.datacloud/Google Cloud Data Agent Kit.log [887ms]
2026-07-20 23:57:15.567 [info] > git show --textconv 9eb291d0a41e765968cfbca59696f68897327bd4:.codeoss/data/logs/20260720T205625/exthost4/output_logging_20260720T212824/10-Gemini Code Assist.log [880ms]
2026-07-20 23:57:15.567 [info] > git show --textconv 9eb291d0a41e765968cfbca59696f68897327bd4:.codeoss/data/logs/20260720T205625/exthost6/googlecloudtools.datacloud/Google Cloud Data Agent Kit.log [872ms]
2026-07-20 23:57:15.567 [info] > git show --textconv 9eb291d0a41e765968cfbca59696f68897327bd4:.codeoss/data/logs/20260720T205625/exthost6/ms-python.python/Python.log [865ms]
2026-07-20 23:57:15.567 [info] > git show --textconv 9eb291d0a41e765968cfbca59696f68897327bd4:.codeoss/data/logs/20260720T205625/exthost6/output_logging_20260720T220145/13-Gemini Code Assist.log [857ms]
2026-07-20 23:57:15.567 [info] > git show --textconv 9eb291d0a41e765968cfbca59696f68897327bd4:.codeoss/data/logs/20260720T205625/exthost6/output_logging_20260720T220145/8-EditorConfig.log [850ms]
2026-07-20 23:57:15.567 [info] > git show --textconv 9eb291d0a41e765968cfbca59696f68897327bd4:.codeoss/data/logs/20260720T205625/exthost6/remoteexthost.log [842ms]
2026-07-20 23:57:15.567 [info] > git show --textconv 9eb291d0a41e765968cfbca59696f68897327bd4:.codeoss/data/logs/20260720T205625/exthost6/vscode.git/Git.log [835ms]
2026-07-20 23:57:15.567 [info] > git show --textconv 9eb291d0a41e765968cfbca59696f68897327bd4:.codeoss/data/logs/20260720T205625/remoteagent.log [827ms]
2026-07-20 23:57:15.567 [info] > git show --textconv 9eb291d0a41e765968cfbca59696f68897327bd4:.codeoss/data/logs/20260720T233914/exthost1/googlecloudtools.datacloud/Google Cloud Data Agent Kit.log [819ms]
2026-07-20 23:57:15.567 [info] > git show --textconv 9eb291d0a41e765968cfbca59696f68897327bd4:.codeoss/data/logs/20260720T233914/exthost1/ms-python.python/Python Language Server.log [812ms]
2026-07-20 23:57:15.567 [info] > git show --textconv 9eb291d0a41e765968cfbca59696f68897327bd4:.codeoss/data/logs/20260720T233914/exthost1/ms-python.python/Python.log [802ms]
2026-07-20 23:57:15.567 [info] > git show --textconv 9eb291d0a41e765968cfbca59696f68897327bd4:.codeoss/data/logs/20260720T233914/exthost1/output_logging_20260720T233919/1-Jupyter.log [794ms]
2026-07-20 23:57:15.567 [info] > git show --textconv 9eb291d0a41e765968cfbca59696f68897327bd4:.codeoss/data/logs/20260720T233914/exthost1/output_logging_20260720T233919/10-Apigee.log [786ms]
2026-07-20 23:57:15.568 [info] > git show --textconv 9eb291d0a41e765968cfbca59696f68897327bd4:.codeoss/data/logs/20260720T233914/exthost1/output_logging_20260720T233919/11-Cloud Code Yaml Support.log [779ms]
2026-07-20 23:57:15.568 [info] > git show --textconv 9eb291d0a41e765968cfbca59696f68897327bd4:.codeoss/data/logs/20260720T233914/exthost1/output_logging_20260720T233919/12-Gemini Code Assist Agent.log [772ms]
2026-07-20 23:57:15.568 [info] > git show --textconv 9eb291d0a41e765968cfbca59696f68897327bd4:.codeoss/data/logs/20260720T233914/exthost1/output_logging_20260720T233919/13-Gemini Code Assist.log [764ms]
2026-07-20 23:57:15.568 [info] > git show --textconv 9eb291d0a41e765968cfbca59696f68897327bd4:.codeoss/data/logs/20260720T233914/exthost1/output_logging_20260720T233919/2-Jupyter Server Console.log [757ms]
2026-07-20 23:57:15.568 [info] > git show --textconv 9eb291d0a41e765968cfbca59696f68897327bd4:.codeoss/data/logs/20260720T233914/exthost1/output_logging_20260720T233919/3-Notebook MCP.log [750ms]
2026-07-20 23:57:15.568 [info] > git show --textconv 9eb291d0a41e765968cfbca59696f68897327bd4:.codeoss/data/logs/20260720T233914/exthost1/output_logging_20260720T233919/4-MCP Audit Logs.log [742ms]
2026-07-20 23:57:15.568 [info] > git show --textconv 9eb291d0a41e765968cfbca59696f68897327bd4:.codeoss/data/logs/20260720T233914/exthost1/output_logging_20260720T233919/5-Visualization MCP.log [734ms]
2026-07-20 23:57:15.568 [info] > git show --textconv 9eb291d0a41e765968cfbca59696f68897327bd4:.codeoss/data/logs/20260720T233914/exthost1/output_logging_20260720T233919/6-DataCloud Agent Skill Installer.log [726ms]
2026-07-20 23:57:15.568 [info] > git show --textconv 9eb291d0a41e765968cfbca59696f68897327bd4:.codeoss/data/logs/20260720T233914/exthost1/output_logging_20260720T233919/7-Gemini CLI IDE Companion.log [719ms]
2026-07-20 23:57:15.568 [info] > git show --textconv 9eb291d0a41e765968cfbca59696f68897327bd4:.codeoss/data/logs/20260720T233914/exthost1/output_logging_20260720T233919/8-EditorConfig.log [708ms]
2026-07-20 23:57:15.568 [info] > git show --textconv 9eb291d0a41e765968cfbca59696f68897327bd4:.codeoss/data/logs/20260720T233914/exthost1/output_logging_20260720T233919/9-Google Cloud CLI Installation.log [700ms]
2026-07-20 23:57:15.568 [info] > git show --textconv 9eb291d0a41e765968cfbca59696f68897327bd4:.codeoss/data/logs/20260720T233914/exthost1/remoteExtHostTelemetry.log [693ms]
2026-07-20 23:57:15.568 [info] > git show --textconv 9eb291d0a41e765968cfbca59696f68897327bd4:.codeoss/data/logs/20260720T233914/exthost1/remoteexthost.log [685ms]
2026-07-20 23:57:15.568 [info] > git show --textconv 9eb291d0a41e765968cfbca59696f68897327bd4:.codeoss/data/logs/20260720T233914/exthost1/vscode.git/Git.log [676ms]
2026-07-20 23:57:15.568 [info] > git show --textconv 9eb291d0a41e765968cfbca59696f68897327bd4:.codeoss/data/logs/20260720T233914/exthost1/vscode.github-authentication/GitHub Authentication.log [668ms]
2026-07-20 23:57:15.568 [info] > git show --textconv 9eb291d0a41e765968cfbca59696f68897327bd4:.codeoss/data/logs/20260720T233914/exthost1/vscode.github/GitHub.log [660ms]
2026-07-20 23:57:15.568 [info] > git show --textconv 9eb291d0a41e765968cfbca59696f68897327bd4:.codeoss/data/logs/20260720T233914/exthost1/vscode.json-language-features/JSON Language Server.log [653ms]
2026-07-20 23:57:15.568 [info] > git show --textconv 9eb291d0a41e765968cfbca59696f68897327bd4:.codeoss/data/logs/20260720T233914/ptyhost.log [645ms]
2026-07-20 23:57:15.568 [info] > git show --textconv 9eb291d0a41e765968cfbca59696f68897327bd4:.codeoss/data/logs/20260720T233914/remoteagent.log [637ms]
2026-07-20 23:57:15.568 [info] > git show --textconv 9eb291d0a41e765968cfbca59696f68897327bd4:.gemini/tmp/daypirate2/chats/session-2026-07-20T23-39-a2a-serv.jsonl [630ms]
2026-07-20 23:57:15.568 [info] > git show --textconv 9eb291d0a41e765968cfbca59696f68897327bd4:.gemini/tmp/daypirate2/chats/session-2026-07-20T23-40-a2a-serv.jsonl [619ms]
2026-07-20 23:57:15.568 [info] > git show --textconv 9eb291d0a41e765968cfbca59696f68897327bd4:.gemini/tmp/daypirate2/chats/session-2026-07-20T23-41-a2a-serv.jsonl [611ms]
2026-07-20 23:57:15.568 [info] > git show --textconv 9eb291d0a41e765968cfbca59696f68897327bd4:.gemini/tmp/daypirate2/chats/session-2026-07-20T23-42-a2a-serv.jsonl [603ms]
2026-07-20 23:57:15.568 [info] > git show --textconv 9eb291d0a41e765968cfbca59696f68897327bd4:.npm/_logs/2026-07-20T23_39_48_816Z-debug-0.log [595ms]
2026-07-20 23:57:15.568 [info] > git show --textconv 9eb291d0a41e765968cfbca59696f68897327bd4:.npm/_logs/2026-07-20T23_40_00_326Z-debug-0.log [587ms]
2026-07-20 23:57:15.568 [info] > git show --textconv 9eb291d0a41e765968cfbca59696f68897327bd4:.npm/_logs/2026-07-20T23_40_00_345Z-debug-0.log [579ms]
2026-07-20 23:57:15.568 [info] > git show --textconv 9eb291d0a41e765968cfbca59696f68897327bd4:.npm/_logs/2026-07-20T23_40_16_151Z-debug-0.log [572ms]
2026-07-20 23:57:15.568 [info] > git show --textconv 9eb291d0a41e765968cfbca59696f68897327bd4:.npm/_logs/2026-07-20T23_40_16_165Z-debug-0.log [562ms]
2026-07-20 23:57:15.568 [info] > git show --textconv 9eb291d0a41e765968cfbca59696f68897327bd4:.npm/_logs/2026-07-20T23_40_41_821Z-debug-0.log [554ms]
2026-07-20 23:57:15.568 [info] > git show --textconv 9eb291d0a41e765968cfbca59696f68897327bd4:.npm/_logs/2026-07-20T23_40_41_838Z-debug-0.log [546ms]
2026-07-20 23:57:15.568 [info] > git show --textconv 9eb291d0a41e765968cfbca59696f68897327bd4:.npm/_logs/2026-07-20T23_41_27_533Z-debug-0.log [537ms]
2026-07-20 23:57:15.568 [info] > git show --textconv 9eb291d0a41e765968cfbca59696f68897327bd4:.npm/_logs/2026-07-20T23_41_27_567Z-debug-0.log [530ms]
2026-07-20 23:57:15.568 [info] > git show --textconv 9eb291d0a41e765968cfbca59696f68897327bd4:.npm/_logs/2026-07-20T23_42_53_451Z-debug-0.log [522ms]
2026-07-20 23:57:15.568 [info] > git show --textconv 9eb291d0a41e765968cfbca59696f68897327bd4:.npm/_logs/2026-07-20T23_42_53_529Z-debug-0.log [514ms]
2026-07-20 23:57:15.569 [info] > git show --textconv 9eb291d0a41e765968cfbca59696f68897327bd4:.npm/_logs/2026-07-20T23_45_17_354Z-debug-0.log [506ms]
2026-07-20 23:57:15.569 [info] > git check-ignore -v -z --stdin [16ms]
2026-07-20 23:57:15.571 [info] > git ls-tree -l 9eb291d0a41e765968cfbca59696f68897327bd4 -- .npm/_logs/2026-07-20T23_45_17_354Z-debug-0.log [29ms]
2026-07-20 23:57:15.572 [info] > git ls-tree -l 9eb291d0a41e765968cfbca59696f68897327bd4 -- .npm/_logs/2026-07-20T23_42_53_529Z-debug-0.log [38ms]
2026-07-20 23:57:15.572 [info] > git ls-tree -l 9eb291d0a41e765968cfbca59696f68897327bd4 -- .npm/_logs/2026-07-20T23_42_53_451Z-debug-0.log [46ms]
2026-07-20 23:57:15.572 [info] > git ls-tree -l 9eb291d0a41e765968cfbca59696f68897327bd4 -- .npm/_logs/2026-07-20T23_41_27_567Z-debug-0.log [54ms]
2026-07-20 23:57:15.572 [info] > git ls-tree -l 9eb291d0a41e765968cfbca59696f68897327bd4 -- .npm/_logs/2026-07-20T23_41_27_533Z-debug-0.log [62ms]
2026-07-20 23:57:15.573 [info] > git ls-tree -l 9eb291d0a41e765968cfbca59696f68897327bd4 -- .npm/_logs/2026-07-20T23_40_41_838Z-debug-0.log [70ms]
2026-07-20 23:57:15.573 [info] > git ls-tree -l 9eb291d0a41e765968cfbca59696f68897327bd4 -- .npm/_logs/2026-07-20T23_40_41_821Z-debug-0.log [78ms]
2026-07-20 23:57:15.573 [info] > git ls-tree -l 9eb291d0a41e765968cfbca59696f68897327bd4 -- .npm/_logs/2026-07-20T23_40_16_165Z-debug-0.log [86ms]
2026-07-20 23:57:15.573 [info] > git ls-tree -l 9eb291d0a41e765968cfbca59696f68897327bd4 -- .npm/_logs/2026-07-20T23_40_16_151Z-debug-0.log [94ms]
2026-07-20 23:57:15.573 [info] > git ls-tree -l 9eb291d0a41e765968cfbca59696f68897327bd4 -- .npm/_logs/2026-07-20T23_40_00_345Z-debug-0.log [102ms]
2026-07-20 23:57:15.574 [info] > git ls-tree -l 9eb291d0a41e765968cfbca59696f68897327bd4 -- .npm/_logs/2026-07-20T23_40_00_326Z-debug-0.log [112ms]
2026-07-20 23:57:15.574 [info] > git ls-tree -l 9eb291d0a41e765968cfbca59696f68897327bd4 -- .npm/_logs/2026-07-20T23_39_48_816Z-debug-0.log [121ms]
2026-07-20 23:57:15.574 [info] > git ls-tree -l 9eb291d0a41e765968cfbca59696f68897327bd4 -- .gemini/tmp/daypirate2/chats/session-2026-07-20T23-42-a2a-serv.jsonl [129ms]
2026-07-20 23:57:15.574 [info] > git ls-tree -l 9eb291d0a41e765968cfbca59696f68897327bd4 -- .gemini/tmp/daypirate2/chats/session-2026-07-20T23-41-a2a-serv.jsonl [138ms]
2026-07-20 23:57:15.574 [info] > git ls-tree -l 9eb291d0a41e765968cfbca59696f68897327bd4 -- .gemini/tmp/daypirate2/chats/session-2026-07-20T23-40-a2a-serv.jsonl [147ms]
2026-07-20 23:57:15.575 [info] > git ls-tree -l 9eb291d0a41e765968cfbca59696f68897327bd4 -- .gemini/tmp/daypirate2/chats/session-2026-07-20T23-39-a2a-serv.jsonl [159ms]
2026-07-20 23:57:15.575 [info] > git ls-tree -l 9eb291d0a41e765968cfbca59696f68897327bd4 -- .codeoss/data/logs/20260720T233914/remoteagent.log [172ms]
2026-07-20 23:57:15.575 [info] > git ls-tree -l 9eb291d0a41e765968cfbca59696f68897327bd4 -- .codeoss/data/logs/20260720T233914/ptyhost.log [187ms]
2026-07-20 23:57:15.575 [info] > git ls-tree -l 9eb291d0a41e765968cfbca59696f68897327bd4 -- .codeoss/data/logs/20260720T233914/exthost1/vscode.json-language-features/JSON Language Server.log [200ms]
2026-07-20 23:57:15.575 [info] > git ls-tree -l 9eb291d0a41e765968cfbca59696f68897327bd4 -- .codeoss/data/logs/20260720T233914/exthost1/vscode.github/GitHub.log [208ms]
2026-07-20 23:57:15.576 [info] > git ls-tree -l 9eb291d0a41e765968cfbca59696f68897327bd4 -- .codeoss/data/logs/20260720T233914/exthost1/vscode.github-authentication/GitHub Authentication.log [217ms]
2026-07-20 23:57:15.576 [info] > git ls-tree -l 9eb291d0a41e765968cfbca59696f68897327bd4 -- .codeoss/data/logs/20260720T233914/exthost1/vscode.git/Git.log [225ms]
2026-07-20 23:57:15.576 [info] > git ls-tree -l 9eb291d0a41e765968cfbca59696f68897327bd4 -- .codeoss/data/logs/20260720T233914/exthost1/remoteexthost.log [233ms]
2026-07-20 23:57:15.576 [info] > git ls-tree -l 9eb291d0a41e765968cfbca59696f68897327bd4 -- .codeoss/data/logs/20260720T233914/exthost1/remoteExtHostTelemetry.log [241ms]
2026-07-20 23:57:15.576 [info] > git ls-tree -l 9eb291d0a41e765968cfbca59696f68897327bd4 -- .codeoss/data/logs/20260720T233914/exthost1/output_logging_20260720T233919/9-Google Cloud CLI Installation.log [249ms]
2026-07-20 23:57:15.577 [info] > git ls-tree -l 9eb291d0a41e765968cfbca59696f68897327bd4 -- .codeoss/data/logs/20260720T233914/exthost1/output_logging_20260720T233919/8-EditorConfig.log [258ms]
2026-07-20 23:57:15.577 [info] > git ls-tree -l 9eb291d0a41e765968cfbca59696f68897327bd4 -- .codeoss/data/logs/20260720T233914/exthost1/output_logging_20260720T233919/7-Gemini CLI IDE Companion.log [267ms]
2026-07-20 23:57:15.577 [info] > git ls-tree -l 9eb291d0a41e765968cfbca59696f68897327bd4 -- .codeoss/data/logs/20260720T233914/exthost1/output_logging_20260720T233919/6-DataCloud Agent Skill Installer.log [275ms]
2026-07-20 23:57:15.577 [info] > git ls-tree -l 9eb291d0a41e765968cfbca59696f68897327bd4 -- .codeoss/data/logs/20260720T233914/exthost1/output_logging_20260720T233919/5-Visualization MCP.log [283ms]
2026-07-20 23:57:15.577 [info] > git ls-tree -l 9eb291d0a41e765968cfbca59696f68897327bd4 -- .codeoss/data/logs/20260720T233914/exthost1/output_logging_20260720T233919/4-MCP Audit Logs.log [291ms]
2026-07-20 23:57:15.577 [info] > git ls-tree -l 9eb291d0a41e765968cfbca59696f68897327bd4 -- .codeoss/data/logs/20260720T233914/exthost1/output_logging_20260720T233919/3-Notebook MCP.log [299ms]
2026-07-20 23:57:15.578 [info] > git ls-tree -l 9eb291d0a41e765968cfbca59696f68897327bd4 -- .codeoss/data/logs/20260720T233914/exthost1/output_logging_20260720T233919/2-Jupyter Server Console.log [309ms]
2026-07-20 23:57:15.578 [info] > git ls-tree -l 9eb291d0a41e765968cfbca59696f68897327bd4 -- .codeoss/data/logs/20260720T233914/exthost1/output_logging_20260720T233919/13-Gemini Code Assist.log [317ms]
2026-07-20 23:57:15.578 [info] > git ls-tree -l 9eb291d0a41e765968cfbca59696f68897327bd4 -- .codeoss/data/logs/20260720T233914/exthost1/output_logging_20260720T233919/12-Gemini Code Assist Agent.log [326ms]
2026-07-20 23:57:15.578 [info] > git ls-tree -l 9eb291d0a41e765968cfbca59696f68897327bd4 -- .codeoss/data/logs/20260720T233914/exthost1/output_logging_20260720T233919/11-Cloud Code Yaml Support.log [334ms]
2026-07-20 23:57:15.578 [info] > git ls-tree -l 9eb291d0a41e765968cfbca59696f68897327bd4 -- .codeoss/data/logs/20260720T233914/exthost1/output_logging_20260720T233919/10-Apigee.log [342ms]
2026-07-20 23:57:15.578 [info] > git ls-tree -l 9eb291d0a41e765968cfbca59696f68897327bd4 -- .codeoss/data/logs/20260720T233914/exthost1/output_logging_20260720T233919/1-Jupyter.log [350ms]
2026-07-20 23:57:15.578 [info] > git ls-tree -l 9eb291d0a41e765968cfbca59696f68897327bd4 -- .codeoss/data/logs/20260720T233914/exthost1/ms-python.python/Python.log [359ms]
2026-07-20 23:57:15.579 [info] > git ls-tree -l 9eb291d0a41e765968cfbca59696f68897327bd4 -- .codeoss/data/logs/20260720T233914/exthost1/ms-python.python/Python Language Server.log [368ms]
2026-07-20 23:57:15.579 [info] > git ls-tree -l 9eb291d0a41e765968cfbca59696f68897327bd4 -- .codeoss/data/logs/20260720T233914/exthost1/googlecloudtools.datacloud/Google Cloud Data Agent Kit.log [376ms]
2026-07-20 23:57:15.579 [info] > git ls-tree -l 9eb291d0a41e765968cfbca59696f68897327bd4 -- .codeoss/data/logs/20260720T205625/remoteagent.log [384ms]
2026-07-20 23:57:15.579 [info] > git ls-tree -l 9eb291d0a41e765968cfbca59696f68897327bd4 -- .codeoss/data/logs/20260720T205625/exthost6/vscode.git/Git.log [394ms]
2026-07-20 23:57:15.579 [info] > git ls-tree -l 9eb291d0a41e765968cfbca59696f68897327bd4 -- .codeoss/data/logs/20260720T205625/exthost6/remoteexthost.log [403ms]
2026-07-20 23:57:15.579 [info] > git ls-tree -l 9eb291d0a41e765968cfbca59696f68897327bd4 -- .codeoss/data/logs/20260720T205625/exthost6/output_logging_20260720T220145/8-EditorConfig.log [412ms]
2026-07-20 23:57:15.580 [info] > git ls-tree -l 9eb291d0a41e765968cfbca59696f68897327bd4 -- .codeoss/data/logs/20260720T205625/exthost6/output_logging_20260720T220145/13-Gemini Code Assist.log [421ms]
2026-07-20 23:57:15.580 [info] > git ls-tree -l 9eb291d0a41e765968cfbca59696f68897327bd4 -- .codeoss/data/logs/20260720T205625/exthost6/ms-python.python/Python.log [429ms]
2026-07-20 23:57:15.580 [info] > git ls-tree -l 9eb291d0a41e765968cfbca59696f68897327bd4 -- .codeoss/data/logs/20260720T205625/exthost6/googlecloudtools.datacloud/Google Cloud Data Agent Kit.log [437ms]
2026-07-20 23:57:15.580 [info] > git ls-tree -l 9eb291d0a41e765968cfbca59696f68897327bd4 -- .codeoss/data/logs/20260720T205625/exthost4/output_logging_20260720T212824/10-Gemini Code Assist.log [445ms]
2026-07-20 23:57:15.580 [info] > git ls-tree -l 9eb291d0a41e765968cfbca59696f68897327bd4 -- .codeoss/data/logs/20260720T205625/exthost4/googlecloudtools.datacloud/Google Cloud Data Agent Kit.log [452ms]
2026-07-20 23:57:15.581 [info] > git ls-tree -l 89e3287994c235d579e192a71b4ce446c656057b -- .codeoss/data/logs/20260720T205625/exthost4/googlecloudtools.datacloud/Google Cloud Data Agent Kit.log [461ms]
2026-07-20 23:57:15.581 [info] > git ls-tree -l 9eb291d0a41e765968cfbca59696f68897327bd4 -- .codeoss/data/User/workspaceStorage/4afbe30d/vscode.lock [470ms]
2026-07-20 23:57:15.584 [info] > git ls-tree -l 89e3287994c235d579e192a71b4ce446c656057b -- .codeoss/data/User/workspaceStorage/4afbe30d/vscode.lock [481ms]
2026-07-20 23:57:15.584 [info] > git ls-tree -l 9eb291d0a41e765968cfbca59696f68897327bd4 -- .codeoss/data/User/History/-422a496d/j53a.json [489ms]
2026-07-20 23:57:15.584 [info] > git ls-tree -l 9eb291d0a41e765968cfbca59696f68897327bd4 -- .codeoss/data/User/History/-422a496d/entries.json [499ms]
2026-07-20 23:57:15.585 [info] > git ls-tree -l 89e3287994c235d579e192a71b4ce446c656057b -- .codeoss/data/User/History/-422a496d/entries.json [508ms]
2026-07-20 23:57:15.585 [info] > git ls-tree -l 9eb291d0a41e765968cfbca59696f68897327bd4 -- .bash_history [516ms]
2026-07-20 23:57:16.446 [info] > git blame --root --incremental 9eb291d0a41e765968cfbca59696f68897327bd4 -- .bash_history [8ms]
2026-07-20 23:57:16.967 [info] > git for-each-ref --format=%(refname)%00%(upstream:short)%00%(objectname)%00%(upstream:track)%00%(upstream:remotename)%00%(upstream:remoteref) refs/heads/main refs/remotes/main [5ms]
2026-07-20 23:57:16.967 [info] > git config --get commit.template [13ms]
2026-07-20 23:57:16.985 [info] > git for-each-ref --sort -committerdate --format %(refname)%00%(objectname)%00%(*objectname) [2ms]
2026-07-20 23:57:16.989 [info] > git status -z -uall [14ms]
2026-07-20 23:57:21.470 [info] > git ls-tree -l 89e3287994c235d579e192a71b4ce446c656057b -- .codeoss/data/logs/20260720T205625/exthost5/output_logging_20260720T215622/11-Cloud Code Yaml Support.log [31ms]
2026-07-20 23:57:21.470 [info] > git ls-tree -l 89e3287994c235d579e192a71b4ce446c656057b -- .codeoss/data/logs/20260720T205625/exthost5/output_logging_20260720T215622/10-Apigee.log [40ms]
2026-07-20 23:57:21.471 [info] > git ls-tree -l 9eb291d0a41e765968cfbca59696f68897327bd4 -- .codeoss/data/User/History/-422a496d/entries.json [50ms]
2026-07-20 23:57:21.471 [info] > git ls-tree -l 89e3287994c235d579e192a71b4ce446c656057b -- .codeoss/data/User/History/-422a496d/entries.json [58ms]
2026-07-20 23:57:21.471 [info] > git ls-tree -l 9eb291d0a41e765968cfbca59696f68897327bd4 -- .bash_history [66ms]
2026-07-20 23:57:21.471 [info] > git ls-tree -l 89e3287994c235d579e192a71b4ce446c656057b -- .bash_history [75ms]
2026-07-20 23:57:21.472 [info] > git ls-tree -l 89e3287994c235d579e192a71b4ce446c656057b -- .codeoss/data/logs/20260720T205625/exthost5/output_logging_20260720T215622/12-Gemini Code Assist Agent.log [23ms]
2026-07-20 23:57:22.007 [info] > git config --get commit.template [9ms]
2026-07-20 23:57:22.008 [info] > git for-each-ref --format=%(refname)%00%(upstream:short)%00%(objectname)%00%(upstream:track)%00%(upstream:remotename)%00%(upstream:remoteref) refs/heads/main refs/remotes/main [2ms]
2026-07-20 23:57:22.025 [info] > git for-each-ref --sort -committerdate --format %(refname)%00%(objectname)%00%(*objectname) [2ms]
2026-07-20 23:57:22.029 [info] > git status -z -uall [14ms]
2026-07-20 23:57:27.049 [info] > git config --get commit.template [9ms]
2026-07-20 23:57:27.051 [info] > git for-each-ref --format=%(refname)%00%(upstream:short)%00%(objectname)%00%(upstream:track)%00%(upstream:remotename)%00%(upstream:remoteref) refs/heads/main refs/remotes/main [2ms]
2026-07-20 23:57:27.068 [info] > git for-each-ref --sort -committerdate --format %(refname)%00%(objectname)%00%(*objectname) [2ms]
2026-07-20 23:57:27.072 [info] > git status -z -uall [14ms]
2026-07-20 23:57:32.087 [info] > git config --get commit.template [4ms]
2026-07-20 23:57:32.097 [info] > git for-each-ref --format=%(refname)%00%(upstream:short)%00%(objectname)%00%(upstream:track)%00%(upstream:remotename)%00%(upstream:remoteref) refs/heads/main refs/remotes/main [2ms]
2026-07-20 23:57:32.115 [info] > git for-each-ref --sort -committerdate --format %(refname)%00%(objectname)%00%(*objectname) [3ms]
2026-07-20 23:57:32.119 [info] > git status -z -uall [15ms]
2026-07-20 23:57:35.766 [info] > git for-each-ref --sort -committerdate --format %(refname)%00%(objectname)%00%(*objectname) [3ms]
2026-07-20 23:57:36.047 [info] > git log --format=%H%n%aN%n%aE%n%at%n%ct%n%P%n%D%n%B -z --shortstat --diff-merges=first-parent -n50 --skip=0 --topo-order --decorate=full --stdin [211ms]
2026-07-20 23:57:37.140 [info] > git for-each-ref --format=%(refname)%00%(upstream:short)%00%(objectname)%00%(upstream:track)%00%(upstream:remotename)%00%(upstream:remoteref) refs/heads/main refs/remotes/main [3ms]
2026-07-20 23:57:37.141 [info] > git config --get commit.template [12ms]
2026-07-20 23:57:37.160 [info] > git for-each-ref --sort -committerdate --format %(refname)%00%(objectname)%00%(*objectname) [3ms]
2026-07-20 23:57:37.163 [info] > git status -z -uall [13ms]
2026-07-20 23:57:42.185 [info] > git config --get commit.template [11ms]
2026-07-20 23:57:42.186 [info] > git for-each-ref --format=%(refname)%00%(upstream:short)%00%(objectname)%00%(upstream:track)%00%(upstream:remotename)%00%(upstream:remoteref) refs/heads/main refs/remotes/main [2ms]
2026-07-20 23:57:42.206 [info] > git for-each-ref --sort -committerdate --format %(refname)%00%(objectname)%00%(*objectname) [3ms]
2026-07-20 23:57:42.209 [info] > git status -z -uall [14ms]
2026-07-20 23:57:47.229 [info] > git config --get commit.template [9ms]
2026-07-20 23:57:47.231 [info] > git for-each-ref --format=%(refname)%00%(upstream:short)%00%(objectname)%00%(upstream:track)%00%(upstream:remotename)%00%(upstream:remoteref) refs/heads/main refs/remotes/main [2ms]
2026-07-20 23:57:47.250 [info] > git for-each-ref --sort -committerdate --format %(refname)%00%(objectname)%00%(*objectname) [2ms]
2026-07-20 23:57:47.253 [info] > git status -z -uall [13ms]
2026-07-21 00:01:07.686 [info] > git config --get commit.template [5ms]
2026-07-21 00:01:07.686 [info] > git ls-tree -l 89e3287994c235d579e192a71b4ce446c656057b -- .codeoss/data/logs/20260720T205625/exthost5/output_logging_20260720T215622/12-Gemini Code Assist Agent.log [14ms]
2026-07-21 00:01:07.687 [info] > git ls-tree -l 89e3287994c235d579e192a71b4ce446c656057b -- .codeoss/data/logs/20260720T205625/exthost5/output_logging_20260720T215622/11-Cloud Code Yaml Support.log [24ms]
2026-07-21 00:01:07.687 [info] > git ls-tree -l 89e3287994c235d579e192a71b4ce446c656057b -- .codeoss/data/logs/20260720T205625/exthost5/output_logging_20260720T215622/10-Apigee.log [33ms]
2026-07-21 00:01:07.687 [info] > git ls-tree -l 9eb291d0a41e765968cfbca59696f68897327bd4 -- .codeoss/data/User/History/-422a496d/entries.json [41ms]
2026-07-21 00:01:07.687 [info] > git ls-tree -l 89e3287994c235d579e192a71b4ce446c656057b -- .codeoss/data/User/History/-422a496d/entries.json [50ms]
2026-07-21 00:01:07.687 [info] > git ls-tree -l 9eb291d0a41e765968cfbca59696f68897327bd4 -- .bash_history [58ms]
2026-07-21 00:01:07.688 [info] > git ls-tree -l 89e3287994c235d579e192a71b4ce446c656057b -- .bash_history [67ms]
2026-07-21 00:01:07.698 [info] > git for-each-ref --format=%(refname)%00%(upstream:short)%00%(objectname)%00%(upstream:track)%00%(upstream:remotename)%00%(upstream:remoteref) refs/heads/main refs/remotes/main [2ms]
2026-07-21 00:01:07.718 [info] > git for-each-ref --sort -committerdate --format %(refname)%00%(objectname)%00%(*objectname) [2ms]
2026-07-21 00:01:07.722 [info] > git status -z -uall [16ms]
2026-07-21 00:01:12.750 [info] > git config --get commit.template [15ms]
2026-07-21 00:01:12.751 [info] > git for-each-ref --format=%(refname)%00%(upstream:short)%00%(objectname)%00%(upstream:track)%00%(upstream:remotename)%00%(upstream:remoteref) refs/heads/main refs/remotes/main [2ms]
2026-07-21 00:01:12.772 [info] > git for-each-ref --sort -committerdate --format %(refname)%00%(objectname)%00%(*objectname) [3ms]
2026-07-21 00:01:12.777 [info] > git status -z -uall [18ms]
2026-07-21 00:05:44.932 [info] > git ls-tree -l 89e3287994c235d579e192a71b4ce446c656057b -- .codeoss/data/logs/20260720T205625/exthost5/output_logging_20260720T215622/12-Gemini Code Assist Agent.log [11ms]
2026-07-21 00:05:44.933 [info] > git ls-tree -l 89e3287994c235d579e192a71b4ce446c656057b -- .codeoss/data/logs/20260720T205625/exthost5/output_logging_20260720T215622/11-Cloud Code Yaml Support.log [21ms]
2026-07-21 00:05:44.933 [info] > git ls-tree -l 89e3287994c235d579e192a71b4ce446c656057b -- .codeoss/data/logs/20260720T205625/exthost5/output_logging_20260720T215622/10-Apigee.log [31ms]
2026-07-21 00:05:44.933 [info] > git ls-tree -l 9eb291d0a41e765968cfbca59696f68897327bd4 -- .codeoss/data/User/History/-422a496d/entries.json [39ms]
2026-07-21 00:05:44.933 [info] > git ls-tree -l 89e3287994c235d579e192a71b4ce446c656057b -- .codeoss/data/User/History/-422a496d/entries.json [48ms]
2026-07-21 00:05:44.933 [info] > git ls-tree -l 9eb291d0a41e765968cfbca59696f68897327bd4 -- .bash_history [56ms]
2026-07-21 00:05:44.934 [info] > git ls-tree -l 89e3287994c235d579e192a71b4ce446c656057b -- .bash_history [65ms]
2026-07-21 00:05:44.935 [info] > git config --get commit.template [5ms]
2026-07-21 00:05:44.944 [info] > git for-each-ref --format=%(refname)%00%(upstream:short)%00%(objectname)%00%(upstream:track)%00%(upstream:remotename)%00%(upstream:remoteref) refs/heads/main refs/remotes/main [2ms]
2026-07-21 00:05:44.962 [info] > git for-each-ref --sort -committerdate --format %(refname)%00%(objectname)%00%(*objectname) [3ms]
2026-07-21 00:05:44.966 [info] > git status -z -uall [15ms]
2026-07-21 00:05:49.989 [info] > git config --get commit.template [10ms]
2026-07-21 00:05:49.990 [info] > git for-each-ref --format=%(refname)%00%(upstream:short)%00%(objectname)%00%(upstream:track)%00%(upstream:remotename)%00%(upstream:remoteref) refs/heads/main refs/remotes/main [2ms]
2026-07-21 00:05:50.010 [info] > git for-each-ref --sort -committerdate --format %(refname)%00%(objectname)%00%(*objectname) [3ms]
2026-07-21 00:05:50.014 [info] > git status -z -uall [15ms]
2026-07-21 00:05:55.036 [info] > git for-each-ref --format=%(refname)%00%(upstream:short)%00%(objectname)%00%(upstream:track)%00%(upstream:remotename)%00%(upstream:remoteref) refs/heads/main refs/remotes/main [2ms]
2026-07-21 00:05:55.037 [info] > git config --get commit.template [11ms]
2026-07-21 00:05:55.058 [info] > git for-each-ref --sort -committerdate --format %(refname)%00%(objectname)%00%(*objectname) [2ms]
2026-07-21 00:05:55.062 [info] > git status -z -uall [16ms]
2026-07-21 00:06:00.329 [info] > git ls-tree -l 89e3287994c235d579e192a71b4ce446c656057b -- .codeoss/data/logs/20260720T205625/exthost5/output_logging_20260720T215622/11-Cloud Code Yaml Support.log [21ms]
2026-07-21 00:06:00.329 [info] > git ls-tree -l 89e3287994c235d579e192a71b4ce446c656057b -- .codeoss/data/logs/20260720T205625/exthost5/output_logging_20260720T215622/10-Apigee.log [31ms]
2026-07-21 00:06:00.329 [info] > git ls-tree -l 9eb291d0a41e765968cfbca59696f68897327bd4 -- .codeoss/data/User/History/-422a496d/entries.json [39ms]
2026-07-21 00:06:00.330 [info] > git ls-tree -l 89e3287994c235d579e192a71b4ce446c656057b -- .codeoss/data/User/History/-422a496d/entries.json [49ms]
2026-07-21 00:06:00.330 [info] > git ls-tree -l 9eb291d0a41e765968cfbca59696f68897327bd4 -- .bash_history [58ms]
2026-07-21 00:06:00.330 [info] > git ls-tree -l 89e3287994c235d579e192a71b4ce446c656057b -- .bash_history [66ms]
2026-07-21 00:06:00.331 [info] > git config --get commit.template [6ms]
2026-07-21 00:06:00.331 [info] > git ls-tree -l 89e3287994c235d579e192a71b4ce446c656057b -- .codeoss/data/logs/20260720T205625/exthost5/output_logging_20260720T215622/12-Gemini Code Assist Agent.log [15ms]
2026-07-21 00:06:00.342 [info] > git for-each-ref --format=%(refname)%00%(upstream:short)%00%(objectname)%00%(upstream:track)%00%(upstream:remotename)%00%(upstream:remoteref) refs/heads/main refs/remotes/main [2ms]
2026-07-21 00:06:00.360 [info] > git for-each-ref --sort -committerdate --format %(refname)%00%(objectname)%00%(*objectname) [2ms]
2026-07-21 00:06:00.365 [info] > git status -z -uall [14ms]
2026-07-21 00:06:03.869 [info] > git for-each-ref --sort -committerdate --format %(refname)%00%(objectname)%00%(*objectname) [3ms]
2026-07-21 00:06:04.229 [info] > git log --format=%H%n%aN%n%aE%n%at%n%ct%n%P%n%D%n%B -z --shortstat --diff-merges=first-parent -n50 --skip=0 --topo-order --decorate=full --stdin [282ms]
2026-07-21 00:06:05.393 [info] > git config --get commit.template [11ms]
2026-07-21 00:06:05.394 [info] > git for-each-ref --format=%(refname)%00%(upstream:short)%00%(objectname)%00%(upstream:track)%00%(upstream:remotename)%00%(upstream:remoteref) refs/heads/main refs/remotes/main [2ms]
2026-07-21 00:06:05.415 [info] > git for-each-ref --sort -committerdate --format %(refname)%00%(objectname)%00%(*objectname) [3ms]
2026-07-21 00:06:05.422 [info] > git status -z -uall [18ms]
